generation_index,individual_index,cap_post_loading,cap_post_conveyor,cap_post_washing,cap_pre_press1,cap_pre_press2,cap_post_press12,wip,throughput
0,0,3,4,5,1,5,8,24.064087301587303,27.01904761904762
0,1,9,1,2,6,4,9,28.285912698412698,27.340476190476192
0,2,2,7,6,5,7,7,32.76825396825397,27.376190476190477
0,3,4,3,2,6,4,3,25.14265873015873,27.31547619047619
0,4,4,7,2,9,6,9,33.903571428571425,27.42142857142857
0,5,5,9,10,9,5,9,43.910515873015875,27.502380952380953
0,6,2,1,10,3,1,1,22.582539682539682,26.93690476190476
0,7,4,4,2,2,6,4,24.103968253968254,27.28214285714286
0,8,2,1,4,1,1,9,14.832341269841269,26.603571428571428
0,9,4,1,10,3,10,10,33.73392857142857,27.327380952380953
0,10,4,1,3,9,1,8,24.137103174603176,26.955952380952382
0,11,4,4,2,7,3,1,26.00813492063492,27.288095238095238
0,12,1,9,9,7,5,6,36.67261904761905,27.42142857142857
0,13,3,1,8,6,1,10,24.95,27.021428571428572
0,14,1,8,6,7,5,1,32.98253968253968,27.314285714285713
0,15,2,10,1,9,7,7,35.04662698412698,27.341666666666665
0,16,7,3,8,3,2,4,28.893055555555556,27.307142857142857
0,17,6,4,10,8,2,7,35.784126984126985,27.38452380952381
0,18,1,6,3,3,10,5,29.193650793650793,27.30238095238095
0,19,7,4,10,8,4,4,38.667857142857144,27.42142857142857
0,20,8,9,7,3,5,8,38.01884920634921,27.41785714285714
0,21,7,8,7,3,5,8,35.920833333333334,27.320238095238096
0,22,3,7,4,6,1,1,26.94563492063492,27.076190476190476
0,23,2,2,10,7,2,1,28.9484126984127,27.28690476190476
0,24,2,2,8,2,7,7,27.07123015873016,27.275
0,25,9,5,8,3,9,6,40.00873015873016,27.41785714285714
0,26,4,5,5,4,5,2,28.878373015873017,27.21666666666667
0,27,4,8,1,9,3,2,31.233531746031748,27.26309523809524
0,28,8,3,9,5,10,2,40.64404761904762,27.42142857142857
0,29,8,5,10,3,7,1,38.77777777777778,27.39404761904762
0,30,8,7,5,1,1,7,28.110912698412697,26.704761904761906
0,31,4,5,8,5,4,9,31.965873015873015,27.267857142857142
0,32,2,5,10,4,10,8,36.816071428571426,27.310714285714287
0,33,8,8,9,8,3,8,41.99404761904762,27.38095238095238
0,34,6,1,8,9,4,7,33.965873015873015,27.267857142857142
0,35,10,10,3,8,3,2,40.01150793650794,27.370238095238093
0,36,2,5,8,9,8,3,37.954166666666666,27.310714285714287
0,37,3,1,3,8,8,7,29.139087301587303,27.208333333333332
0,38,10,5,6,3,8,9,38.10178571428571,27.295238095238094
0,39,9,10,1,10,9,7,45.17896825396825,27.354761904761904
0,40,10,3,7,8,7,7,41.08551587301587,27.35
0,41,4,8,8,10,2,7,38.09285714285714,27.271428571428572
0,42,4,2,7,9,2,3,29.874404761904763,27.202380952380953
0,43,10,4,7,1,3,1,30.7781746031746,26.802380952380954
0,44,8,10,9,9,4,10,45.98134920634921,27.289285714285715
0,45,7,9,3,6,1,10,32.022619047619045,26.998809523809523
0,46,5,7,9,4,10,1,40.70456349206349,27.28095238095238
0,47,8,10,2,9,8,4,43.16448412698413,27.233333333333334
0,48,8,9,7,5,1,8,35.839285714285715,26.92142857142857
0,49,9,5,10,4,1,1,34.74980158730159,26.847619047619048
1,0,5,9,10,9,5,9,43.910515873015875,27.502380952380953
1,1,2,1,4,1,1,9,14.832341269841269,26.603571428571428
1,2,1,2,2,6,4,3,21.15654761904762,27.320238095238096
1,3,2,1,4,9,5,8,27.053174603174604,27.42142857142857
1,4,2,1,2,1,8,8,19.97440476190476,26.891666666666666
1,5,4,1,2,6,3,1,22.088293650793652,27.37142857142857
1,6,6,4,2,7,3,4,28.235714285714284,27.44047619047619
1,7,4,7,2,9,6,9,33.903571428571425,27.42142857142857
1,8,2,1,10,3,1,1,22.582539682539682,26.93690476190476
1,9,7,3,7,3,3,1,28.75515873015873,27.40714285714286
1,10,1,2,8,5,6,7,27.89325396825397,27.4
1,11,4,4,3,1,1,8,18.982142857142858,26.44047619047619
1,12,4,1,2,9,1,8,23.106150793650794,26.951190476190476
1,13,3,3,2,6,4,3,23.985714285714284,27.364285714285714
1,14,4,3,2,6,4,3,25.14265873015873,27.31547619047619
1,15,4,4,2,2,6,4,24.103968253968254,27.28214285714286
1,16,1,9,9,7,5,6,36.67261904761905,27.42142857142857
1,17,8,1,8,3,9,5,35.09345238095238,27.416666666666668
1,18,3,7,5,1,1,6,22.976388888888888,26.482142857142858
1,19,1,5,3,3,10,5,28.151785714285715,27.39761904761905
1,20,3,1,3,7,8,5,28.136309523809523,27.322619047619046
1,21,1,1,9,1,5,9,23.010515873015873,26.93095238095238
1,22,6,3,8,9,3,7,34.790277777777774,27.4
1,23,4,3,2,5,4,2,23.99861111111111,27.25595238095238
1,24,3,4,5,1,5,8,24.064087301587303,27.01904761904762
1,25,9,1,2,6,4,9,28.285912698412698,27.340476190476192
1,26,3,1,8,6,1,10,24.95,27.021428571428572
1,27,6,4,10,8,2,7,35.784126984126985,27.38452380952381
1,28,3,4,2,7,3,4,25.279761904761905,27.30952380952381
1,29,3,1,4,8,1,7,23.1875,26.91190476190476
1,30,1,2,10,7,5,1,30.851984126984128,27.370238095238093
1,31,6,1,8,7,4,7,31.883928571428573,27.379761904761907
1,32,3,9,9,6,5,5,37.67281746031746,27.42142857142857
1,33,2,1,1,9,6,3,25.2625,27.27857142857143
1,34,2,7,6,5,7,7,32.76825396825397,27.376190476190477
1,35,4,1,3,9,1,8,24.137103174603176,26.955952380952382
1,36,4,4,2,7,3,1,26.00813492063492,27.288095238095238
1,37,7,3,8,3,2,4,28.893055555555556,27.307142857142857
1,38,7,4,10,8,4,4,38.667857142857144,27.42142857142857
1,39,8,9,7,3,5,8,38.01884920634921,27.41785714285714
1,40,2,2,8,1,7,7,26.007936507936506,27.052380952380954
1,41,1,8,8,6,3,5,32.13611111111111,27.336904761904762
1,42,8,3,9,5,10,2,40.64404761904762,27.42142857142857
1,43,2,5,7,4,1,2,24.858531746031748,26.92142857142857
1,44,3,7,4,6,1,1,26.94563492063492,27.076190476190476
1,45,2,2,8,2,7,7,27.07123015873016,27.275
1,46,8,5,10,3,7,1,38.77777777777778,27.39404761904762
1,47,4,8,1,9,5,2,33.18333333333333,27.367857142857144
1,48,1,8,6,7,5,1,32.98253968253968,27.314285714285713
1,49,1,6,3,3,10,5,29.193650793650793,27.30238095238095
2,0,5,9,10,9,5,9,43.910515873015875,27.502380952380953
2,1,2,1,4,1,1,9,14.832341269841269,26.603571428571428
2,2,2,1,4,9,5,8,27.053174603174604,27.42142857142857
2,3,6,4,2,7,3,4,28.235714285714284,27.44047619047619
2,4,2,4,1,4,2,2,19.226785714285715,27.379761904761907
2,5,2,1,4,9,5,8,27.053174603174604,27.42142857142857
2,6,1,2,2,6,2,3,19.17063492063492,27.257142857142856
2,7,2,1,4,9,5,8,27.053174603174604,27.42142857142857
2,8,3,1,2,4,10,2,26.059126984126983,27.386904761904763
2,9,1,2,2,6,4,3,21.15654761904762,27.320238095238096
2,10,4,1,2,6,3,1,22.088293650793652,27.37142857142857
2,11,4,7,2,9,6,9,33.903571428571425,27.42142857142857
2,12,7,3,7,3,3,1,28.75515873015873,27.40714285714286
2,13,1,2,8,5,6,7,27.89325396825397,27.4
2,14,4,4,3,1,1,8,18.982142857142858,26.44047619047619
2,15,4,1,2,5,1,3,19.230357142857144,26.938095238095237
2,16,1,1,2,1,8,8,19.215873015873015,26.917857142857144
2,17,3,9,1,6,4,5,29.292460317460318,27.41785714285714
2,18,4,3,2,6,6,6,27.22519841269841,27.372619047619047
2,19,2,1,2,1,8,8,19.97440476190476,26.891666666666666
2,20,3,3,2,6,4,3,23.985714285714284,27.364285714285714
2,21,1,5,3,3,10,5,28.151785714285715,27.39761904761905
2,22,2,1,2,1,8,8,19.97440476190476,26.891666666666666
2,23,4,4,2,5,3,1,23.934325396825397,27.330952380952382
2,24,1,7,4,1,1,5,19.89920634920635,26.56547619047619
2,25,1,2,2,8,4,7,22.99920634920635,27.29047619047619
2,26,4,4,3,3,1,7,21.194642857142856,26.920238095238094
2,27,5,1,10,9,4,8,34.668055555555554,27.42142857142857
2,28,2,1,4,1,8,8,21.932936507936507,27.135714285714286
2,29,2,1,10,3,1,1,22.582539682539682,26.93690476190476
2,30,8,1,8,3,9,5,35.09345238095238,27.416666666666668
2,31,6,3,8,9,3,7,34.790277777777774,27.4
2,32,1,2,10,7,5,1,30.851984126984128,27.370238095238093
2,33,6,1,8,7,4,7,31.883928571428573,27.379761904761907
2,34,2,1,7,6,1,10,22.939484126984127,27.00357142857143
2,35,4,7,1,9,5,2,32.333531746031746,27.392857142857142
2,36,6,1,8,7,4,7,31.883928571428573,27.379761904761907
2,37,6,3,8,9,4,7,35.67777777777778,27.42142857142857
2,38,3,3,2,6,4,2,24.009126984126983,27.320238095238096
2,39,1,5,3,3,9,5,27.094841269841268,27.349999999999998
2,40,1,1,1,9,5,8,23.088293650793652,27.28690476190476
2,41,1,9,9,7,5,6,36.67261904761905,27.42142857142857
2,42,3,7,5,1,1,6,22.976388888888888,26.482142857142858
2,43,3,7,5,1,1,6,22.976388888888888,26.482142857142858
2,44,2,2,8,1,4,3,22.996031746031747,26.96785714285714
2,45,2,1,8,6,1,9,23.803373015873017,26.988095238095237
2,46,6,1,8,6,4,6,31.20734126984127,27.360714285714288
2,47,2,7,6,5,7,7,32.76825396825397,27.376190476190477
2,48,4,3,2,5,4,2,23.99861111111111,27.25595238095238
2,49,6,4,10,8,2,7,35.784126984126985,27.38452380952381
3,0,5,9,10,9,5,9,43.910515873015875,27.502380952380953
3,1,2,1,4,1,1,9,14.832341269841269,26.603571428571428
3,2,2,1,4,9,5,8,27.053174603174604,27.42142857142857
3,3,6,4,2,7,3,4,28.235714285714284,27.44047619047619
3,4,2,4,1,4,2,2,19.226785714285715,27.379761904761907
3,5,2,1,4,9,5,8,27.053174603174604,27.42142857142857
3,6,2,1,4,9,5,8,27.053174603174604,27.42142857142857
3,7,3,1,2,4,10,2,26.059126984126983,27.386904761904763
3,8,1,1,4,1,1,5,13.952777777777778,26.56904761904762
3,9,2,1,4,9,5,8,27.053174603174604,27.42142857142857
3,10,1,1,2,6,2,3,18.190873015873017,27.270238095238096
3,11,1,2,2,2,2,5,15.074801587301588,27.198809523809523
3,12,1,2,2,6,2,3,19.17063492063492,27.257142857142856
3,13,1,2,2,6,4,3,21.15654761904762,27.320238095238096
3,14,4,1,2,6,3,1,22.088293650793652,27.37142857142857
3,15,4,7,2,9,6,9,33.903571428571425,27.42142857142857
3,16,7,3,7,3,3,1,28.75515873015873,27.40714285714286
3,17,1,2,8,5,6,7,27.89325396825397,27.4
3,18,3,9,1,6,4,5,29.292460317460318,27.41785714285714
3,19,5,1,1,3,2,8,18.264285714285712,27.239285714285714
3,20,1,2,2,1,4,7,16.14404761904762,26.923809523809524
3,21,1,3,2,6,3,3,21.150793650793652,27.258333333333333
3,22,1,2,2,1,4,7,16.14404761904762,26.923809523809524
3,23,2,1,4,1,1,8,15.174404761904762,26.50595238095238
3,24,2,1,2,8,8,8,27.165079365079364,27.392857142857142
3,25,4,3,2,6,6,6,27.22519841269841,27.372619047619047
3,26,3,3,2,6,4,3,23.985714285714284,27.364285714285714
3,27,1,5,3,3,10,5,28.151785714285715,27.39761904761905
3,28,4,4,2,5,3,1,23.934325396825397,27.330952380952382
3,29,5,1,10,9,4,8,34.668055555555554,27.42142857142857
3,30,1,5,3,3,4,7,22.13075396825397,27.31904761904762
3,31,1,1,2,6,5,7,21.19404761904762,27.202380952380953
3,32,2,1,4,1,3,9,17.145238095238096,26.86904761904762
3,33,4,3,2,6,6,6,27.22519841269841,27.372619047619047
3,34,3,3,2,1,4,7,19.26746031746032,27.06547619047619
3,35,4,1,2,1,5,9,18.98392857142857,26.99642857142857
3,36,6,3,8,9,4,7,35.67777777777778,27.42142857142857
3,37,4,4,3,1,1,8,18.982142857142858,26.44047619047619
3,38,1,1,2,1,8,8,19.215873015873015,26.917857142857144
3,39,1,5,3,3,9,5,27.094841269841268,27.349999999999998
3,40,2,1,4,1,8,8,21.932936507936507,27.135714285714286
3,41,2,1,4,1,7,8,20.679761904761904,26.97738095238095
3,42,1,2,10,7,5,1,30.851984126984128,27.370238095238093
3,43,4,7,1,9,5,2,32.333531746031746,27.392857142857142
3,44,4,2,2,6,4,6,24.099801587301588,27.32857142857143
3,45,6,3,8,9,3,7,34.790277777777774,27.4
3,46,2,3,2,6,3,2,22.136309523809523,27.258333333333333
3,47,4,1,2,5,1,3,19.230357142857144,26.938095238095237
3,48,1,2,2,8,4,7,22.99920634920635,27.29047619047619
3,49,1,5,3,6,10,3,31.145833333333332,27.389285714285712
4,0,2,1,4,1,1,9,14.832341269841269,26.603571428571428
4,1,2,4,1,4,2,2,19.226785714285715,27.379761904761907
4,2,1,1,4,1,1,5,13.952777777777778,26.56904761904762
4,3,1,1,2,6,2,3,18.190873015873017,27.270238095238096
4,4,1,2,2,2,2,5,15.074801587301588,27.198809523809523
4,5,2,2,2,2,2,5,16.088293650793652,27.24404761904762
4,6,6,3,2,7,4,7,28.17718253968254,27.507142857142856
4,7,1,2,2,2,2,5,15.074801587301588,27.198809523809523
4,8,1,3,3,3,9,5,25.117261904761904,27.504761904761903
4,9,5,9,10,9,5,9,43.910515873015875,27.502380952380953
4,10,2,1,4,9,5,8,27.053174603174604,27.42142857142857
4,11,6,4,2,7,3,4,28.235714285714284,27.44047619047619
4,12,2,1,4,9,5,8,27.053174603174604,27.42142857142857
4,13,2,1,4,9,5,8,27.053174603174604,27.42142857142857
4,14,3,1,2,4,10,2,26.059126984126983,27.386904761904763
4,15,2,1,4,9,5,8,27.053174603174604,27.42142857142857
4,16,1,2,2,6,2,3,19.17063492063492,27.257142857142856
4,17,5,1,1,3,2,8,18.264285714285712,27.239285714285714
4,18,2,1,4,3,4,8,19.589285714285715,27.336904761904762
4,19,3,1,2,4,10,2,26.059126984126983,27.386904761904763
4,20,2,1,4,9,5,8,27.053174603174604,27.42142857142857
4,21,2,1,3,1,1,8,14.165674603174603,26.54285714285714
4,22,1,1,4,1,1,9,14.086309523809524,26.48095238095238
4,23,2,2,4,5,3,8,22.12142857142857,27.37857142857143
4,24,2,1,3,1,3,9,16.007142857142856,27.02261904761905
4,25,1,1,2,1,4,7,15.205555555555556,26.870238095238097
4,26,1,3,2,6,3,2,21.21825396825397,27.37142857142857
4,27,4,1,2,6,3,1,22.088293650793652,27.37142857142857
4,28,4,7,2,9,6,9,33.903571428571425,27.42142857142857
4,29,7,3,7,3,3,1,28.75515873015873,27.40714285714286
4,30,1,2,8,5,6,7,27.89325396825397,27.4
4,31,3,9,1,6,4,5,29.292460317460318,27.41785714285714
4,32,2,1,4,1,1,8,15.174404761904762,26.50595238095238
4,33,2,1,2,8,8,8,27.165079365079364,27.392857142857142
4,34,1,2,2,6,4,1,21.140079365079366,27.327380952380953
4,35,5,1,1,3,5,8,21.263690476190476,27.35238095238095
4,36,1,2,2,1,3,3,15.215674603174604,26.779761904761905
4,37,4,1,1,6,2,2,20.215079365079365,27.26547619047619
4,38,3,2,2,1,4,8,18.267857142857142,27.06547619047619
4,39,4,1,2,1,2,9,16.123214285714287,26.904761904761905
4,40,1,2,8,5,6,7,27.89325396825397,27.4
4,41,1,3,2,1,3,4,16.13452380952381,26.923809523809524
4,42,2,1,4,1,1,5,15.18015873015873,26.53095238095238
4,43,1,1,3,6,1,8,17.88154761904762,26.946428571428573
4,44,1,2,2,1,4,7,16.14404761904762,26.923809523809524
4,45,5,1,10,9,4,8,34.668055555555554,27.42142857142857
4,46,1,2,2,1,4,7,16.14404761904762,26.923809523809524
4,47,3,3,2,1,4,7,19.26746031746032,27.06547619047619
4,48,2,1,2,6,4,7,21.146626984126986,27.31547619047619
4,49,1,5,3,3,10,5,28.151785714285715,27.39761904761905
5,0,2,4,1,4,2,2,19.226785714285715,27.379761904761907
5,1,1,1,2,6,2,3,18.190873015873017,27.270238095238096
5,2,1,2,2,2,2,5,15.074801587301588,27.198809523809523
5,3,2,2,2,2,2,5,16.088293650793652,27.24404761904762
5,4,6,3,2,7,4,7,28.17718253968254,27.507142857142856
5,5,1,2,2,2,2,5,15.074801587301588,27.198809523809523
5,6,1,3,3,3,9,5,25.117261904761904,27.504761904761903
5,7,2,2,2,2,2,5,16.088293650793652,27.24404761904762
5,8,1,1,1,1,4,9,14.330357142857142,26.983333333333334
5,9,4,1,1,6,2,3,20.206150793650792,27.41190476190476
5,10,2,4,1,4,2,2,19.226785714285715,27.379761904761907
5,11,1,4,3,2,3,4,18.933531746031747,27.292857142857144
5,12,1,1,2,1,3,7,14.199603174603174,26.951190476190476
5,13,6,3,2,7,4,7,28.17718253968254,27.507142857142856
5,14,1,1,2,1,3,4,14.117460317460317,26.797619047619047
5,15,1,1,2,1,1,8,12.14642857142857,26.66547619047619
5,16,2,1,4,1,1,9,14.832341269841269,26.603571428571428
5,17,1,1,4,1,1,5,13.952777777777778,26.56904761904762
5,18,5,9,10,9,5,9,43.910515873015875,27.502380952380953
5,19,2,1,4,9,5,8,27.053174603174604,27.42142857142857
5,20,6,4,2,7,3,4,28.235714285714284,27.44047619047619
5,21,2,1,4,9,5,8,27.053174603174604,27.42142857142857
5,22,2,1,4,9,5,8,27.053174603174604,27.42142857142857
5,23,2,1,4,9,5,8,27.053174603174604,27.42142857142857
5,24,1,2,2,6,2,3,19.17063492063492,27.257142857142856
5,25,5,1,1,3,2,8,18.264285714285712,27.239285714285714
5,26,2,1,4,3,4,8,19.589285714285715,27.336904761904762
5,27,2,1,4,9,5,8,27.053174603174604,27.42142857142857
5,28,2,2,4,5,3,8,22.12142857142857,27.37857142857143
5,29,2,1,3,1,3,9,16.007142857142856,27.02261904761905
5,30,1,1,2,1,4,7,15.205555555555556,26.870238095238097
5,31,1,3,2,6,3,2,21.21825396825397,27.37142857142857
5,32,5,9,10,9,5,9,43.910515873015875,27.502380952380953
5,33,1,2,2,1,3,8,15.27936507936508,26.90595238095238
5,34,1,1,2,6,4,7,20.01527777777778,27.366666666666667
5,35,2,1,2,6,5,7,22.38154761904762,27.389285714285716
5,36,1,2,2,3,2,5,16.207142857142856,27.22142857142857
5,37,1,1,4,1,1,5,13.952777777777778,26.56904761904762
5,38,2,1,4,3,4,8,19.589285714285715,27.336904761904762
5,39,2,1,2,4,10,2,25.07202380952381,27.397619047619045
5,40,4,7,2,9,6,9,33.903571428571425,27.42142857142857
5,41,1,1,4,1,1,9,14.086309523809524,26.48095238095238
5,42,1,2,2,1,3,3,15.215674603174604,26.779761904761905
5,43,3,2,2,1,4,8,18.267857142857142,27.06547619047619
5,44,4,1,1,6,2,2,20.215079365079365,27.26547619047619
5,45,4,1,2,5,3,2,21.218650793650795,27.37142857142857
5,46,3,9,1,6,4,5,29.292460317460318,27.41785714285714
5,47,3,1,2,4,10,1,25.910912698412698,27.378571428571426
5,48,2,1,3,1,1,8,14.165674603174603,26.54285714285714
5,49,4,1,2,1,2,7,16.024603174603175,26.904761904761905
6,0,6,3,2,7,4,7,28.17718253968254,27.507142857142856
6,1,1,3,3,3,9,5,25.117261904761904,27.504761904761903
6,2,4,1,1,6,2,3,20.206150793650792,27.41190476190476
6,3,1,1,2,1,3,7,14.199603174603174,26.951190476190476
6,4,6,3,2,7,4,7,28.17718253968254,27.507142857142856
6,5,1,1,2,1,3,4,14.117460317460317,26.797619047619047
6,6,1,1,2,1,1,8,12.14642857142857,26.66547619047619
6,7,1,1,2,1,3,7,14.199603174603174,26.951190476190476
6,8,1,4,2,2,3,9,18.174801587301587,27.39761904761905
6,9,1,2,2,3,2,4,16.179960317460317,27.34285714285714
6,10,1,1,2,1,3,7,14.199603174603174,26.951190476190476
6,11,1,1,2,2,2,5,14.227976190476191,27.28690476190476
6,12,4,1,1,3,2,8,17.232738095238094,27.395238095238096
6,13,2,4,1,4,2,2,19.226785714285715,27.379761904761907
6,14,1,1,2,6,2,3,18.190873015873017,27.270238095238096
6,15,1,2,2,2,2,5,15.074801587301588,27.198809523809523
6,16,2,2,2,2,2,5,16.088293650793652,27.24404761904762
6,17,1,2,2,2,2,5,15.074801587301588,27.198809523809523
6,18,2,2,2,2,2,5,16.088293650793652,27.24404761904762
6,19,1,1,1,1,4,9,14.330357142857142,26.983333333333334
6,20,2,4,1,4,2,2,19.226785714285715,27.379761904761907
6,21,1,4,3,2,3,4,18.933531746031747,27.292857142857144
6,22,1,1,4,1,1,5,13.952777777777778,26.56904761904762
6,23,5,9,10,9,5,9,43.910515873015875,27.502380952380953
6,24,6,4,2,7,3,4,28.235714285714284,27.44047619047619
6,25,5,9,10,9,5,9,43.910515873015875,27.502380952380953
6,26,1,1,4,1,1,5,13.952777777777778,26.56904761904762
6,27,4,1,2,5,3,9,21.216269841269842,27.402380952380952
6,28,1,1,4,1,1,5,13.952777777777778,26.56904761904762
6,29,1,2,4,9,5,8,27.052777777777777,27.42142857142857
6,30,1,1,1,1,4,9,14.330357142857142,26.983333333333334
6,31,1,4,3,2,3,4,18.933531746031747,27.292857142857144
6,32,1,2,2,1,3,2,14.996626984126983,27.035714285714285
6,33,1,1,4,1,1,5,13.952777777777778,26.56904761904762
6,34,1,1,1,6,2,3,17.206349206349206,27.252380952380953
6,35,1,2,2,2,2,5,15.074801587301588,27.198809523809523
6,36,1,1,4,1,1,9,14.086309523809524,26.48095238095238
6,37,2,1,4,9,5,8,27.053174603174604,27.42142857142857
6,38,2,1,4,9,5,8,27.053174603174604,27.42142857142857
6,39,1,2,2,3,2,5,16.207142857142856,27.22142857142857
6,40,2,1,4,1,1,9,14.832341269841269,26.603571428571428
6,41,2,1,3,1,3,9,16.007142857142856,27.02261904761905
6,42,1,1,2,1,4,3,15.089880952380952,26.823809523809523
6,43,5,1,1,3,2,8,18.264285714285712,27.239285714285714
6,44,1,1,2,1,4,4,15.190674603174603,26.970238095238095
6,45,2,1,2,6,5,7,22.38154761904762,27.389285714285716
6,46,2,1,2,4,10,2,25.07202380952381,27.397619047619045
6,47,2,1,3,1,1,8,14.165674603174603,26.54285714285714
6,48,1,3,2,6,3,2,21.21825396825397,27.37142857142857
6,49,4,1,1,1,2,2,15.187698412698413,26.84404761904762
7,0,6,3,2,7,4,7,28.17718253968254,27.507142857142856
7,1,1,3,3,3,9,5,25.117261904761904,27.504761904761903
7,2,6,3,2,7,4,7,28.17718253968254,27.507142857142856
7,3,1,1,2,1,1,8,12.14642857142857,26.66547619047619
7,4,1,4,2,2,3,9,18.174801587301587,27.39761904761905
7,5,1,2,2,3,2,4,16.179960317460317,27.34285714285714
7,6,1,1,2,2,2,5,14.227976190476191,27.28690476190476
7,7,4,1,1,3,2,8,17.232738095238094,27.395238095238096
7,8,1,1,2,2,2,5,14.227976190476191,27.28690476190476
7,9,1,2,2,3,2,4,16.179960317460317,27.34285714285714
7,10,2,1,2,1,1,8,13.133333333333333,26.702380952380953
7,11,1,1,2,2,2,5,14.227976190476191,27.28690476190476
7,12,1,1,2,1,1,8,12.14642857142857,26.66547619047619
7,13,4,1,1,3,2,8,17.232738095238094,27.395238095238096
7,14,1,1,2,1,3,3,14.024007936507937,26.989285714285714
7,15,1,3,1,6,2,4,19.225,27.41190476190476
7,16,1,1,3,1,1,5,12.84484126984127,26.461904761904762
7,17,5,9,10,9,5,9,43.910515873015875,27.502380952380953
7,18,5,9,10,9,5,9,43.910515873015875,27.502380952380953
7,19,6,4,2,7,3,4,28.235714285714284,27.44047619047619
7,20,1,1,2,1,3,4,14.117460317460317,26.797619047619047
7,21,1,2,4,9,5,8,27.052777777777777,27.42142857142857
7,22,4,1,1,6,2,3,20.206150793650792,27.41190476190476
7,23,1,1,4,1,1,5,13.952777777777778,26.56904761904762
7,24,1,2,2,1,3,2,14.996626984126983,27.035714285714285
7,25,1,2,2,2,2,5,15.074801587301588,27.198809523809523
7,26,1,1,2,1,3,7,14.199603174603174,26.951190476190476
7,27,1,1,3,1,1,8,12.98611111111111,26.523809523809522
7,28,2,4,1,4,2,2,19.226785714285715,27.379761904761907
7,29,1,4,3,2,3,4,18.933531746031747,27.292857142857144
7,30,1,1,2,6,2,3,18.190873015873017,27.270238095238096
7,31,2,2,2,2,2,5,16.088293650793652,27.24404761904762
7,32,1,1,1,1,4,9,14.330357142857142,26.983333333333334
7,33,1,1,1,6,2,3,17.206349206349206,27.252380952380953
7,34,1,1,1,1,4,9,14.330357142857142,26.983333333333334
7,35,1,1,4,1,1,5,13.952777777777778,26.56904761904762
7,36,1,2,2,2,2,5,15.074801587301588,27.198809523809523
7,37,4,1,1,6,2,3,20.206150793650792,27.41190476190476
7,38,2,2,2,2,2,5,16.088293650793652,27.24404761904762
7,39,2,4,1,4,2,2,19.226785714285715,27.379761904761907
7,40,1,1,1,6,2,3,17.206349206349206,27.252380952380953
7,41,1,1,2,1,3,7,14.199603174603174,26.951190476190476
7,42,1,4,3,2,3,4,18.933531746031747,27.292857142857144
7,43,1,1,4,1,1,5,13.952777777777778,26.56904761904762
7,44,1,2,2,2,2,5,15.074801587301588,27.198809523809523
7,45,1,1,4,1,1,5,13.952777777777778,26.56904761904762
7,46,1,1,2,1,3,7,14.199603174603174,26.951190476190476
7,47,1,1,4,1,1,5,13.952777777777778,26.56904761904762
7,48,1,1,2,1,3,7,14.199603174603174,26.951190476190476
7,49,1,1,2,1,3,7,14.199603174603174,26.951190476190476
8,0,1,3,3,3,9,5,25.117261904761904,27.504761904761903
8,1,1,1,2,1,1,8,12.14642857142857,26.66547619047619
8,2,1,4,2,2,3,9,18.174801587301587,27.39761904761905
8,3,1,2,2,3,2,4,16.179960317460317,27.34285714285714
8,4,1,1,2,2,2,5,14.227976190476191,27.28690476190476
8,5,4,1,1,3,2,8,17.232738095238094,27.395238095238096
8,6,1,1,2,2,2,5,14.227976190476191,27.28690476190476
8,7,1,2,2,3,2,4,16.179960317460317,27.34285714285714
8,8,2,1,2,1,1,8,13.133333333333333,26.702380952380953
8,9,1,1,2,2,2,5,14.227976190476191,27.28690476190476
8,10,1,1,2,1,1,8,12.14642857142857,26.66547619047619
8,11,4,1,1,3,2,8,17.232738095238094,27.395238095238096
8,12,1,1,2,1,3,3,14.024007936507937,26.989285714285714
8,13,1,3,1,6,2,4,19.225,27.41190476190476
8,14,1,1,2,2,2,9,14.158730158730158,27.242857142857144
8,15,1,1,2,2,2,3,14.165674603174603,27.245238095238093
8,16,1,3,3,3,9,5,25.117261904761904,27.504761904761903
8,17,1,1,2,1,1,8,12.14642857142857,26.66547619047619
8,18,1,1,2,1,1,3,12.137896825396826,26.567857142857143
8,19,4,1,1,3,2,8,17.232738095238094,27.395238095238096
8,20,1,1,2,2,2,5,14.227976190476191,27.28690476190476
8,21,6,2,2,7,4,8,27.17718253968254,27.507142857142856
8,22,1,1,2,1,1,8,12.14642857142857,26.66547619047619
8,23,1,1,2,1,1,2,12.105357142857143,26.442857142857143
8,24,1,3,1,6,2,4,19.225,27.41190476190476
8,25,2,1,2,1,1,8,13.133333333333333,26.702380952380953
8,26,1,1,2,2,2,5,14.227976190476191,27.28690476190476
8,27,1,1,2,1,1,8,12.14642857142857,26.66547619047619
8,28,1,1,3,1,1,5,12.84484126984127,26.461904761904762
8,29,1,1,3,1,1,5,12.84484126984127,26.461904761904762
8,30,6,3,2,7,4,7,28.17718253968254,27.507142857142856
8,31,6,3,2,7,4,7,28.17718253968254,27.507142857142856
8,32,1,2,4,9,5,8,27.052777777777777,27.42142857142857
8,33,4,1,1,6,2,3,20.206150793650792,27.41190476190476
8,34,1,1,2,1,3,8,14.09265873015873,26.889285714285712
8,35,1,1,4,1,1,5,13.952777777777778,26.56904761904762
8,36,1,1,1,4,4,9,17.402976190476192,27.366666666666667
8,37,1,2,2,1,3,2,14.996626984126983,27.035714285714285
8,38,1,2,2,2,2,5,15.074801587301588,27.198809523809523
8,39,1,1,3,2,3,4,16.201785714285712,27.291666666666668
8,40,2,4,1,4,2,2,19.226785714285715,27.379761904761907
8,41,1,1,3,1,1,8,12.98611111111111,26.523809523809522
8,42,2,2,2,2,2,5,16.088293650793652,27.24404761904762
8,43,1,1,2,1,3,5,14.102579365079364,26.979761904761904
8,44,2,4,1,4,2,2,19.226785714285715,27.379761904761907
8,45,4,1,1,6,2,3,20.206150793650792,27.41190476190476
8,46,1,1,1,1,4,9,14.330357142857142,26.983333333333334
8,47,1,1,3,1,1,8,12.98611111111111,26.523809523809522
8,48,1,1,4,1,1,5,13.952777777777778,26.56904761904762
8,49,2,2,2,2,2,5,16.088293650793652,27.24404761904762
9,0,1,3,3,3,9,5,25.117261904761904,27.504761904761903
9,1,1,1,2,1,1,8,12.14642857142857,26.66547619047619
9,2,1,4,2,2,3,9,18.174801587301587,27.39761904761905
9,3,1,2,2,3,2,4,16.179960317460317,27.34285714285714
9,4,1,1,2,2,2,5,14.227976190476191,27.28690476190476
9,5,4,1,1,3,2,8,17.232738095238094,27.395238095238096
9,6,1,1,2,2,2,5,14.227976190476191,27.28690476190476
9,7,1,2,2,3,2,4,16.179960317460317,27.34285714285714
9,8,1,1,2,2,2,5,14.227976190476191,27.28690476190476
9,9,1,1,2,1,1,8,12.14642857142857,26.66547619047619
9,10,4,1,1,3,2,8,17.232738095238094,27.395238095238096
9,11,1,1,2,1,3,3,14.024007936507937,26.989285714285714
9,12,1,3,1,6,2,4,19.225,27.41190476190476
9,13,1,1,2,2,2,9,14.158730158730158,27.242857142857144
9,14,1,1,2,2,2,3,14.165674603174603,27.245238095238093
9,15,1,3,3,3,9,5,25.117261904761904,27.504761904761903
9,16,1,1,2,1,1,8,12.14642857142857,26.66547619047619
9,17,1,1,2,1,1,3,12.137896825396826,26.567857142857143
9,18,4,1,1,3,2,8,17.232738095238094,27.395238095238096
9,19,1,1,2,2,2,5,14.227976190476191,27.28690476190476
9,20,6,2,2,7,4,8,27.17718253968254,27.507142857142856
9,21,1,1,2,1,1,8,12.14642857142857,26.66547619047619
9,22,1,1,2,1,1,2,12.105357142857143,26.442857142857143
9,23,1,3,1,6,2,4,19.225,27.41190476190476
9,24,1,1,2,2,2,5,14.227976190476191,27.28690476190476
9,25,1,1,2,1,1,8,12.14642857142857,26.66547619047619
9,26,1,1,2,1,3,3,14.024007936507937,26.989285714285714
9,27,1,1,1,1,2,5,12.281150793650793,26.833333333333332
9,28,1,2,2,3,2,4,16.179960317460317,27.34285714285714
9,29,1,1,2,1,1,8,12.14642857142857,26.66547619047619
9,30,1,1,2,1,2,2,12.991071428571429,26.951190476190476
9,31,1,1,2,1,1,8,12.14642857142857,26.66547619047619
9,32,4,1,1,3,2,8,17.232738095238094,27.395238095238096
9,33,1,1,2,2,2,9,14.158730158730158,27.242857142857144
9,34,1,1,2,1,1,3,12.137896825396826,26.567857142857143
9,35,1,1,2,1,1,8,12.14642857142857,26.66547619047619
9,36,1,1,1,2,3,8,14.378571428571428,27.302380952380954
9,37,1,3,1,6,2,4,19.225,27.41190476190476
9,38,1,1,2,1,1,8,12.14642857142857,26.66547619047619
9,39,6,3,2,7,4,7,28.17718253968254,27.507142857142856
9,40,6,3,2,7,4,7,28.17718253968254,27.507142857142856
9,41,1,1,2,1,1,5,12.216269841269842,26.565476190476193
9,42,1,2,4,9,5,8,27.052777777777777,27.42142857142857
9,43,4,1,1,6,2,3,20.206150793650792,27.41190476190476
9,44,1,2,2,2,2,5,15.074801587301588,27.198809523809523
9,45,1,1,1,4,4,9,17.402976190476192,27.366666666666667
9,46,1,2,2,1,3,2,14.996626984126983,27.035714285714285
9,47,1,1,3,2,3,4,16.201785714285712,27.291666666666668
9,48,2,1,2,1,1,8,13.133333333333333,26.702380952380953
9,49,1,2,2,1,1,3,13.050396825396826,26.576190476190476
10,0,1,3,3,3,9,5,25.117261904761904,27.504761904761903
10,1,1,1,2,1,1,8,12.14642857142857,26.66547619047619
10,2,1,4,2,2,3,9,18.174801587301587,27.39761904761905
10,3,1,2,2,3,2,4,16.179960317460317,27.34285714285714
10,4,4,1,1,3,2,8,17.232738095238094,27.395238095238096
10,5,1,2,2,3,2,4,16.179960317460317,27.34285714285714
10,6,1,1,2,1,1,8,12.14642857142857,26.66547619047619
10,7,4,1,1,3,2,8,17.232738095238094,27.395238095238096
10,8,1,1,2,1,3,3,14.024007936507937,26.989285714285714
10,9,1,3,1,6,2,4,19.225,27.41190476190476
10,10,1,1,2,2,2,9,14.158730158730158,27.242857142857144
10,11,1,1,2,2,2,3,14.165674603174603,27.245238095238093
10,12,1,3,3,3,9,5,25.117261904761904,27.504761904761903
10,13,1,1,2,1,1,8,12.14642857142857,26.66547619047619
10,14,1,1,2,1,1,3,12.137896825396826,26.567857142857143
10,15,4,1,1,3,2,8,17.232738095238094,27.395238095238096
10,16,6,2,2,7,4,8,27.17718253968254,27.507142857142856
10,17,1,1,2,1,1,8,12.14642857142857,26.66547619047619
10,18,1,3,1,6,2,4,19.225,27.41190476190476
10,19,1,1,2,1,1,8,12.14642857142857,26.66547619047619
10,20,1,1,2,1,3,3,14.024007936507937,26.989285714285714
10,21,1,2,2,3,2,4,16.179960317460317,27.34285714285714
10,22,1,1,2,1,1,8,12.14642857142857,26.66547619047619
10,23,1,1,2,1,2,2,12.991071428571429,26.951190476190476
10,24,1,1,2,1,1,8,12.14642857142857,26.66547619047619
10,25,4,1,1,3,2,8,17.232738095238094,27.395238095238096
10,26,1,1,2,2,2,9,14.158730158730158,27.242857142857144
10,27,1,1,2,1,1,3,12.137896825396826,26.567857142857143
10,28,1,1,2,1,1,8,12.14642857142857,26.66547619047619
10,29,1,3,1,6,2,4,19.225,27.41190476190476
10,30,1,1,2,1,1,8,12.14642857142857,26.66547619047619
10,31,1,1,2,1,1,4,12.079761904761904,26.55595238095238
10,32,1,1,1,1,3,8,13.140277777777778,26.95595238095238
10,33,1,1,1,1,1,8,11.293849206349206,26.404761904761905
10,34,1,1,1,3,2,8,14.215079365079365,27.304761904761904
10,35,1,1,1,1,2,8,12.258928571428571,26.863095238095237
10,36,1,1,1,3,2,8,14.215079365079365,27.304761904761904
10,37,1,1,2,1,1,8,12.14642857142857,26.66547619047619
10,38,1,1,2,1,3,3,14.024007936507937,26.989285714285714
10,39,1,1,2,1,1,8,12.14642857142857,26.66547619047619
10,40,6,3,2,7,4,7,28.17718253968254,27.507142857142856
10,41,1,1,2,1,1,2,12.105357142857143,26.442857142857143
10,42,6,3,2,7,4,7,28.17718253968254,27.507142857142856
10,43,1,2,4,9,5,8,27.052777777777777,27.42142857142857
10,44,4,1,1,6,2,3,20.206150793650792,27.41190476190476
10,45,1,1,2,3,1,8,14.206349206349207,26.929761904761904
10,46,1,1,1,4,4,9,17.402976190476192,27.366666666666667
10,47,1,1,2,2,2,5,14.227976190476191,27.28690476190476
10,48,1,1,1,1,2,5,12.281150793650793,26.833333333333332
10,49,1,1,2,1,1,5,12.216269841269842,26.565476190476193
11,0,1,3,3,3,9,5,25.117261904761904,27.504761904761903
11,1,1,1,2,1,1,8,12.14642857142857,26.66547619047619
11,2,1,4,2,2,3,9,18.174801587301587,27.39761904761905
11,3,4,1,1,3,2,8,17.232738095238094,27.395238095238096
11,4,1,1,2,1,1,8,12.14642857142857,26.66547619047619
11,5,4,1,1,3,2,8,17.232738095238094,27.395238095238096
11,6,1,1,2,1,3,3,14.024007936507937,26.989285714285714
11,7,1,3,1,6,2,4,19.225,27.41190476190476
11,8,1,1,2,2,2,9,14.158730158730158,27.242857142857144
11,9,1,1,2,2,2,3,14.165674603174603,27.245238095238093
11,10,1,3,3,3,9,5,25.117261904761904,27.504761904761903
11,11,1,1,2,1,1,8,12.14642857142857,26.66547619047619
11,12,4,1,1,3,2,8,17.232738095238094,27.395238095238096
11,13,6,2,2,7,4,8,27.17718253968254,27.507142857142856
11,14,1,1,2,1,1,8,12.14642857142857,26.66547619047619
11,15,1,3,1,6,2,4,19.225,27.41190476190476
11,16,1,1,2,1,1,8,12.14642857142857,26.66547619047619
11,17,1,1,2,1,3,3,14.024007936507937,26.989285714285714
11,18,1,1,2,1,1,8,12.14642857142857,26.66547619047619
11,19,1,1,2,1,2,2,12.991071428571429,26.951190476190476
11,20,1,1,2,1,1,8,12.14642857142857,26.66547619047619
11,21,4,1,1,3,2,8,17.232738095238094,27.395238095238096
11,22,1,1,2,2,2,9,14.158730158730158,27.242857142857144
11,23,1,1,2,1,1,8,12.14642857142857,26.66547619047619
11,24,1,3,1,6,2,4,19.225,27.41190476190476
11,25,1,1,2,1,1,8,12.14642857142857,26.66547619047619
11,26,1,1,1,1,3,8,13.140277777777778,26.95595238095238
11,27,1,1,1,3,2,8,14.215079365079365,27.304761904761904
11,28,1,1,1,1,2,8,12.258928571428571,26.863095238095237
11,29,1,1,1,3,2,8,14.215079365079365,27.304761904761904
11,30,1,1,2,1,1,8,12.14642857142857,26.66547619047619
11,31,1,1,2,1,3,3,14.024007936507937,26.989285714285714
11,32,1,1,2,1,1,8,12.14642857142857,26.66547619047619
11,33,1,4,2,2,3,9,18.174801587301587,27.39761904761905
11,34,1,1,2,1,1,8,12.14642857142857,26.66547619047619
11,35,1,1,2,1,1,8,12.14642857142857,26.66547619047619
11,36,1,1,2,1,3,3,14.024007936507937,26.989285714285714
11,37,1,1,2,1,1,8,12.14642857142857,26.66547619047619
11,38,1,1,2,1,1,8,12.14642857142857,26.66547619047619
11,39,1,1,1,1,1,3,11.243253968253969,26.58214285714286
11,40,1,1,2,1,3,3,14.024007936507937,26.989285714285714
11,41,6,2,2,7,4,8,27.17718253968254,27.507142857142856
11,42,1,1,1,3,2,9,14.291666666666666,27.39047619047619
11,43,1,1,1,1,1,8,11.293849206349206,26.404761904761905
11,44,6,3,2,7,4,7,28.17718253968254,27.507142857142856
11,45,1,1,1,1,1,8,11.293849206349206,26.404761904761905
11,46,6,3,2,7,4,7,28.17718253968254,27.507142857142856
11,47,4,1,1,6,2,3,20.206150793650792,27.41190476190476
11,48,1,1,2,2,2,5,14.227976190476191,27.28690476190476
11,49,1,2,4,9,5,8,27.052777777777777,27.42142857142857
12,0,6,2,2,7,4,8,27.17718253968254,27.507142857142856
12,1,1,1,1,1,1,3,11.243253968253969,26.58214285714286
12,2,6,2,2,7,4,8,27.17718253968254,27.507142857142856
12,3,1,3,1,6,2,4,19.225,27.41190476190476
12,4,1,3,3,3,9,5,25.117261904761904,27.504761904761903
12,5,1,1,2,1,3,3,14.024007936507937,26.989285714285714
12,6,1,1,1,3,2,9,14.291666666666666,27.39047619047619
12,7,1,1,2,2,2,9,14.158730158730158,27.242857142857144
12,8,1,1,2,1,1,8,12.14642857142857,26.66547619047619
12,9,1,1,1,1,2,8,12.258928571428571,26.863095238095237
12,10,1,3,3,3,9,5,25.117261904761904,27.504761904761903
12,11,4,1,1,3,2,8,17.232738095238094,27.395238095238096
12,12,1,3,1,6,2,4,19.225,27.41190476190476
12,13,1,1,2,1,2,2,12.991071428571429,26.951190476190476
12,14,1,1,1,1,3,8,13.140277777777778,26.95595238095238
12,15,1,1,1,1,2,8,12.258928571428571,26.863095238095237
12,16,1,1,2,1,1,8,12.14642857142857,26.66547619047619
12,17,1,1,1,3,2,8,14.215079365079365,27.304761904761904
12,18,1,4,2,2,3,9,18.174801587301587,27.39761904761905
12,19,1,1,1,3,2,8,14.215079365079365,27.304761904761904
12,20,1,4,2,2,3,9,18.174801587301587,27.39761904761905
12,21,1,1,2,2,2,3,14.165674603174603,27.245238095238093
12,22,4,1,1,3,2,8,17.232738095238094,27.395238095238096
12,23,1,1,2,1,3,3,14.024007936507937,26.989285714285714
12,24,1,1,2,2,2,9,14.158730158730158,27.242857142857144
12,25,1,1,1,3,2,9,14.291666666666666,27.39047619047619
12,26,1,1,2,2,2,3,14.165674603174603,27.245238095238093
12,27,1,1,2,1,3,3,14.024007936507937,26.989285714285714
12,28,1,1,2,1,1,8,12.14642857142857,26.66547619047619
12,29,1,1,2,1,1,8,12.14642857142857,26.66547619047619
12,30,1,3,1,6,2,4,19.225,27.41190476190476
12,31,1,1,2,1,1,8,12.14642857142857,26.66547619047619
12,32,1,4,2,2,3,9,18.174801587301587,27.39761904761905
12,33,4,1,1,3,2,8,17.232738095238094,27.395238095238096
12,34,1,1,2,1,3,3,14.024007936507937,26.989285714285714
12,35,6,2,2,7,4,8,27.17718253968254,27.507142857142856
12,36,1,1,1,3,2,8,14.215079365079365,27.304761904761904
12,37,1,1,2,1,1,8,12.14642857142857,26.66547619047619
12,38,1,1,2,1,1,8,12.14642857142857,26.66547619047619
12,39,1,1,2,1,1,8,12.14642857142857,26.66547619047619
12,40,6,2,2,7,4,8,27.17718253968254,27.507142857142856
12,41,1,1,2,1,1,8,12.14642857142857,26.66547619047619
12,42,1,1,1,1,2,8,12.258928571428571,26.863095238095237
12,43,1,1,1,1,2,8,12.258928571428571,26.863095238095237
12,44,1,1,2,1,1,8,12.14642857142857,26.66547619047619
12,45,1,1,2,1,1,8,12.14642857142857,26.66547619047619
12,46,1,1,2,1,1,8,12.14642857142857,26.66547619047619
12,47,1,1,2,1,3,3,14.024007936507937,26.989285714285714
12,48,1,1,2,2,2,9,14.158730158730158,27.242857142857144
12,49,1,1,2,1,1,8,12.14642857142857,26.66547619047619
13,0,1,1,1,1,1,3,11.243253968253969,26.58214285714286
13,1,6,2,2,7,4,8,27.17718253968254,27.507142857142856
13,2,6,2,2,7,4,8,27.17718253968254,27.507142857142856
13,3,1,3,1,6,2,4,19.225,27.41190476190476
13,4,1,3,3,3,9,5,25.117261904761904,27.504761904761903
13,5,1,1,2,1,3,3,14.024007936507937,26.989285714285714
13,6,1,1,1,3,2,9,14.291666666666666,27.39047619047619
13,7,1,1,2,2,2,9,14.158730158730158,27.242857142857144
13,8,1,3,3,3,9,5,25.117261904761904,27.504761904761903
13,9,1,1,1,1,2,3,12.153769841269842,26.751190476190477
13,10,4,1,1,3,2,8,17.232738095238094,27.395238095238096
13,11,1,3,1,6,2,4,19.225,27.41190476190476
13,12,1,1,2,1,1,8,12.14642857142857,26.66547619047619
13,13,1,1,1,1,2,4,12.256944444444445,26.83452380952381
13,14,1,1,1,1,3,8,13.140277777777778,26.95595238095238
13,15,1,1,2,1,2,2,12.991071428571429,26.951190476190476
13,16,1,1,1,1,2,8,12.258928571428571,26.863095238095237
13,17,1,1,1,3,2,8,14.215079365079365,27.304761904761904
13,18,1,1,2,1,1,8,12.14642857142857,26.66547619047619
13,19,1,1,1,1,2,8,12.258928571428571,26.863095238095237
13,20,1,4,2,2,3,9,18.174801587301587,27.39761904761905
13,21,1,4,2,2,3,9,18.174801587301587,27.39761904761905
13,22,1,1,1,2,3,9,14.183333333333334,27.279761904761905
13,23,4,1,1,3,2,8,17.232738095238094,27.395238095238096
13,24,1,1,2,1,2,2,12.991071428571429,26.951190476190476
13,25,1,1,2,1,3,3,14.024007936507937,26.989285714285714
13,26,1,1,2,2,2,3,14.165674603174603,27.245238095238093
13,27,1,1,1,3,2,8,14.215079365079365,27.304761904761904
13,28,1,1,2,2,2,9,14.158730158730158,27.242857142857144
13,29,1,1,1,3,2,9,14.291666666666666,27.39047619047619
13,30,1,1,2,2,2,3,14.165674603174603,27.245238095238093
13,31,1,1,2,1,1,8,12.14642857142857,26.66547619047619
13,32,6,2,2,7,4,8,27.17718253968254,27.507142857142856
13,33,1,3,1,6,2,4,19.225,27.41190476190476
13,34,4,1,1,3,2,8,17.232738095238094,27.395238095238096
13,35,1,1,2,1,1,8,12.14642857142857,26.66547619047619
13,36,1,1,1,3,2,9,14.291666666666666,27.39047619047619
13,37,1,1,1,1,2,8,12.258928571428571,26.863095238095237
13,38,1,1,2,1,3,3,14.024007936507937,26.989285714285714
13,39,1,1,1,3,2,8,14.215079365079365,27.304761904761904
13,40,1,1,2,2,2,3,14.165674603174603,27.245238095238093
13,41,1,1,2,1,3,3,14.024007936507937,26.989285714285714
13,42,1,1,2,1,1,8,12.14642857142857,26.66547619047619
13,43,1,1,2,1,1,8,12.14642857142857,26.66547619047619
13,44,4,1,1,3,2,8,17.232738095238094,27.395238095238096
13,45,1,1,1,1,2,8,12.258928571428571,26.863095238095237
13,46,1,1,2,1,1,8,12.14642857142857,26.66547619047619
13,47,1,1,1,1,2,8,12.258928571428571,26.863095238095237
13,48,1,1,2,1,1,8,12.14642857142857,26.66547619047619
13,49,1,1,1,3,2,9,14.291666666666666,27.39047619047619
14,0,6,2,2,7,4,8,27.17718253968254,27.507142857142856
14,1,1,1,1,1,1,3,11.243253968253969,26.58214285714286
14,2,6,2,2,7,4,8,27.17718253968254,27.507142857142856
14,3,1,1,1,6,4,4,19.319246031746033,27.433333333333334
14,4,1,1,1,2,2,8,13.106746031746033,27.201190476190476
14,5,1,3,3,3,9,5,25.117261904761904,27.504761904761903
14,6,1,1,2,1,2,2,12.991071428571429,26.951190476190476
14,7,1,1,1,3,2,9,14.291666666666666,27.39047619047619
14,8,1,3,3,3,9,5,25.117261904761904,27.504761904761903
14,9,4,1,1,3,2,8,17.232738095238094,27.395238095238096
14,10,1,1,2,1,1,8,12.14642857142857,26.66547619047619
14,11,1,1,2,1,2,2,12.991071428571429,26.951190476190476
14,12,1,1,1,1,2,3,12.153769841269842,26.751190476190477
14,13,1,1,1,1,2,8,12.258928571428571,26.863095238095237
14,14,1,1,1,3,2,8,14.215079365079365,27.304761904761904
14,15,1,1,1,1,2,3,12.153769841269842,26.751190476190477
14,16,1,1,2,1,1,8,12.14642857142857,26.66547619047619
14,17,1,1,1,1,2,4,12.256944444444445,26.83452380952381
14,18,1,3,1,6,2,4,19.225,27.41190476190476
14,19,1,1,1,1,2,8,12.258928571428571,26.863095238095237
14,20,1,4,2,2,3,9,18.174801587301587,27.39761904761905
14,21,1,1,2,2,2,9,14.158730158730158,27.242857142857144
14,22,1,4,2,2,3,9,18.174801587301587,27.39761904761905
14,23,4,1,1,3,2,8,17.232738095238094,27.395238095238096
14,24,1,1,2,2,2,9,14.158730158730158,27.242857142857144
14,25,1,1,1,2,3,9,14.183333333333334,27.279761904761905
14,26,1,1,2,2,2,3,14.165674603174603,27.245238095238093
14,27,1,1,1,1,2,4,12.256944444444445,26.83452380952381
14,28,1,1,1,3,2,8,14.215079365079365,27.304761904761904
14,29,1,1,1,2,3,9,14.183333333333334,27.279761904761905
14,30,1,3,1,6,2,4,19.225,27.41190476190476
14,31,1,1,1,3,2,9,14.291666666666666,27.39047619047619
14,32,1,1,2,2,2,3,14.165674603174603,27.245238095238093
14,33,1,1,2,1,1,8,12.14642857142857,26.66547619047619
14,34,1,1,2,2,2,3,14.165674603174603,27.245238095238093
14,35,1,4,2,2,3,9,18.174801587301587,27.39761904761905
14,36,1,1,2,1,1,8,12.14642857142857,26.66547619047619
14,37,1,1,1,3,2,8,14.215079365079365,27.304761904761904
14,38,1,1,2,1,1,8,12.14642857142857,26.66547619047619
14,39,1,1,2,1,1,8,12.14642857142857,26.66547619047619
14,40,1,1,1,1,2,3,12.153769841269842,26.751190476190477
14,41,1,1,1,3,2,9,14.291666666666666,27.39047619047619
14,42,1,1,1,1,2,8,12.258928571428571,26.863095238095237
14,43,1,1,2,1,1,8,12.14642857142857,26.66547619047619
14,44,1,4,2,2,3,9,18.174801587301587,27.39761904761905
14,45,1,1,1,3,2,9,14.291666666666666,27.39047619047619
14,46,1,1,1,1,2,8,12.258928571428571,26.863095238095237
14,47,1,1,2,1,1,8,12.14642857142857,26.66547619047619
14,48,1,1,1,1,2,8,12.258928571428571,26.863095238095237
14,49,1,1,1,3,2,8,14.215079365079365,27.304761904761904
15,0,6,2,2,7,4,8,27.17718253968254,27.507142857142856
15,1,1,1,1,1,1,3,11.243253968253969,26.58214285714286
15,2,6,2,2,7,4,8,27.17718253968254,27.507142857142856
15,3,1,1,1,6,4,4,19.319246031746033,27.433333333333334
15,4,1,1,1,2,2,8,13.106746031746033,27.201190476190476
15,5,1,3,3,3,9,5,25.117261904761904,27.504761904761903
15,6,1,1,2,1,2,2,12.991071428571429,26.951190476190476
15,7,1,1,1,3,2,9,14.291666666666666,27.39047619047619
15,8,1,3,3,3,9,5,25.117261904761904,27.504761904761903
15,9,1,1,2,1,2,2,12.991071428571429,26.951190476190476
15,10,1,1,1,3,2,8,14.215079365079365,27.304761904761904
15,11,1,1,1,3,2,8,14.215079365079365,27.304761904761904
15,12,1,1,1,3,2,9,14.291666666666666,27.39047619047619
15,13,1,1,1,3,2,8,14.215079365079365,27.304761904761904
15,14,1,1,1,3,2,9,14.291666666666666,27.39047619047619
15,15,1,1,1,3,2,9,14.291666666666666,27.39047619047619
15,16,1,1,1,3,2,8,14.215079365079365,27.304761904761904
15,17,1,1,1,1,1,3,11.243253968253969,26.58214285714286
15,18,1,2,2,3,2,9,16.134126984126983,27.42857142857143
15,19,1,1,1,3,2,9,14.291666666666666,27.39047619047619
15,20,1,1,1,2,2,8,13.106746031746033,27.201190476190476
15,21,1,1,1,2,2,8,13.106746031746033,27.201190476190476
15,22,1,1,1,2,2,8,13.106746031746033,27.201190476190476
15,23,1,1,2,1,2,2,12.991071428571429,26.951190476190476
15,24,1,1,1,1,1,3,11.243253968253969,26.58214285714286
15,25,1,1,1,3,2,8,14.215079365079365,27.304761904761904
15,26,1,1,2,1,2,2,12.991071428571429,26.951190476190476
15,27,1,1,1,1,1,3,11.243253968253969,26.58214285714286
15,28,1,1,1,6,4,4,19.319246031746033,27.433333333333334
15,29,1,1,1,2,2,9,13.251190476190477,27.29642857142857
15,30,1,1,1,1,2,2,12.12420634920635,26.89404761904762
15,31,1,1,2,1,2,2,12.991071428571429,26.951190476190476
15,32,1,3,1,6,2,4,19.225,27.41190476190476
15,33,1,1,1,1,1,2,11.246230158730159,26.41190476190476
15,34,1,3,1,6,2,4,19.225,27.41190476190476
15,35,1,1,2,2,2,4,14.119444444444445,27.166666666666668
15,36,1,1,1,3,2,3,14.36111111111111,27.35238095238095
15,37,4,1,1,3,2,8,17.232738095238094,27.395238095238096
15,38,1,1,1,1,2,8,12.258928571428571,26.863095238095237
15,39,1,1,1,1,2,8,12.258928571428571,26.863095238095237
15,40,1,1,2,1,1,8,12.14642857142857,26.66547619047619
15,41,1,1,2,1,1,8,12.14642857142857,26.66547619047619
15,42,4,1,1,3,2,8,17.232738095238094,27.395238095238096
15,43,1,4,2,2,3,9,18.174801587301587,27.39761904761905
15,44,1,4,2,2,3,9,18.174801587301587,27.39761904761905
15,45,1,1,1,1,2,3,12.153769841269842,26.751190476190477
15,46,1,1,1,1,2,3,12.153769841269842,26.751190476190477
15,47,1,1,1,1,2,4,12.256944444444445,26.83452380952381
15,48,1,1,2,2,2,9,14.158730158730158,27.242857142857144
15,49,1,1,1,2,3,9,14.183333333333334,27.279761904761905
16,0,6,2,2,7,4,8,27.17718253968254,27.507142857142856
16,1,1,1,1,1,1,3,11.243253968253969,26.58214285714286
16,2,6,2,2,7,4,8,27.17718253968254,27.507142857142856
16,3,1,1,1,6,4,4,19.319246031746033,27.433333333333334
16,4,1,1,1,2,2,8,13.106746031746033,27.201190476190476
16,5,1,3,3,3,9,5,25.117261904761904,27.504761904761903
16,6,1,1,2,1,2,2,12.991071428571429,26.951190476190476
16,7,1,1,1,3,2,9,14.291666666666666,27.39047619047619
16,8,1,3,3,3,9,5,25.117261904761904,27.504761904761903
16,9,1,1,2,1,2,2,12.991071428571429,26.951190476190476
16,10,1,1,1,3,2,8,14.215079365079365,27.304761904761904
16,11,1,1,1,3,2,8,14.215079365079365,27.304761904761904
16,12,1,1,1,3,2,9,14.291666666666666,27.39047619047619
16,13,1,1,1,3,2,8,14.215079365079365,27.304761904761904
16,14,1,1,1,3,2,9,14.291666666666666,27.39047619047619
16,15,1,1,1,3,2,9,14.291666666666666,27.39047619047619
16,16,1,1,1,3,2,8,14.215079365079365,27.304761904761904
16,17,1,1,1,1,1,3,11.243253968253969,26.58214285714286
16,18,1,2,2,3,2,9,16.134126984126983,27.42857142857143
16,19,1,1,1,3,2,9,14.291666666666666,27.39047619047619
16,20,1,1,1,2,2,8,13.106746031746033,27.201190476190476
16,21,1,1,1,2,2,8,13.106746031746033,27.201190476190476
16,22,1,1,1,2,2,8,13.106746031746033,27.201190476190476
16,23,1,1,2,1,2,2,12.991071428571429,26.951190476190476
16,24,1,1,1,1,1,3,11.243253968253969,26.58214285714286
16,25,1,1,1,3,2,8,14.215079365079365,27.304761904761904
16,26,1,1,2,1,2,2,12.991071428571429,26.951190476190476
16,27,1,1,1,1,1,3,11.243253968253969,26.58214285714286
16,28,1,1,1,6,4,4,19.319246031746033,27.433333333333334
16,29,1,1,1,2,2,9,13.251190476190477,27.29642857142857
16,30,1,1,1,1,2,2,12.12420634920635,26.89404761904762
16,31,1,1,2,1,2,2,12.991071428571429,26.951190476190476
16,32,1,1,1,1,1,3,11.243253968253969,26.58214285714286
16,33,1,1,1,3,3,3,15.271230158730159,27.42738095238095
16,34,1,2,2,3,2,9,16.134126984126983,27.42857142857143
16,35,1,1,1,3,2,9,14.291666666666666,27.39047619047619
16,36,1,1,1,1,1,3,11.243253968253969,26.58214285714286
16,37,1,1,1,1,1,3,11.243253968253969,26.58214285714286
16,38,1,2,2,3,2,9,16.134126984126983,27.42857142857143
16,39,1,1,1,3,2,9,14.291666666666666,27.39047619047619
16,40,1,1,1,1,1,3,11.243253968253969,26.58214285714286
16,41,1,1,1,2,2,9,13.251190476190477,27.29642857142857
16,42,1,1,1,2,2,3,13.279960317460317,27.30238095238095
16,43,1,3,1,6,2,4,19.225,27.41190476190476
16,44,1,1,1,1,1,2,11.246230158730159,26.41190476190476
16,45,1,1,1,1,1,2,11.246230158730159,26.41190476190476
16,46,1,3,1,6,2,4,19.225,27.41190476190476
16,47,1,1,1,3,2,3,14.36111111111111,27.35238095238095
16,48,1,1,2,1,1,2,12.105357142857143,26.442857142857143
16,49,1,1,3,1,2,8,14.026388888888889,26.914285714285715
17,0,6,2,2,7,4,8,27.17718253968254,27.507142857142856
17,1,1,1,1,1,1,3,11.243253968253969,26.58214285714286
17,2,6,2,2,7,4,8,27.17718253968254,27.507142857142856
17,3,1,1,1,1,1,3,11.243253968253969,26.58214285714286
17,4,1,1,1,1,2,2,12.12420634920635,26.89404761904762
17,5,1,1,1,6,4,4,19.319246031746033,27.433333333333334
17,6,1,3,3,3,9,5,25.117261904761904,27.504761904761903
17,7,1,1,2,1,2,2,12.991071428571429,26.951190476190476
17,8,1,1,1,2,2,8,13.106746031746033,27.201190476190476
17,9,1,1,1,6,4,4,19.319246031746033,27.433333333333334
17,10,1,3,3,3,9,5,25.117261904761904,27.504761904761903
17,11,1,2,2,3,2,9,16.134126984126983,27.42857142857143
17,12,1,1,1,3,2,9,14.291666666666666,27.39047619047619
17,13,1,1,1,3,2,8,14.215079365079365,27.304761904761904
17,14,1,1,1,1,2,2,12.12420634920635,26.89404761904762
17,15,1,1,1,2,2,8,13.106746031746033,27.201190476190476
17,16,1,1,1,2,2,9,13.251190476190477,27.29642857142857
17,17,1,1,1,3,3,3,15.271230158730159,27.42738095238095
17,18,1,1,2,1,2,2,12.991071428571429,26.951190476190476
17,19,1,1,1,2,2,3,13.279960317460317,27.30238095238095
17,20,1,1,1,3,3,3,15.271230158730159,27.42738095238095
17,21,1,2,2,3,2,9,16.134126984126983,27.42857142857143
17,22,1,1,1,3,2,9,14.291666666666666,27.39047619047619
17,23,1,1,1,2,2,9,13.251190476190477,27.29642857142857
17,24,1,1,1,3,2,8,14.215079365079365,27.304761904761904
17,25,1,1,1,2,2,3,13.279960317460317,27.30238095238095
17,26,1,1,1,1,1,3,11.243253968253969,26.58214285714286
17,27,1,3,3,3,9,5,25.117261904761904,27.504761904761903
17,28,1,1,1,6,4,4,19.319246031746033,27.433333333333334
17,29,1,1,1,3,2,8,14.215079365079365,27.304761904761904
17,30,1,1,2,1,2,2,12.991071428571429,26.951190476190476
17,31,1,3,3,3,9,5,25.117261904761904,27.504761904761903
17,32,1,1,1,2,2,8,13.106746031746033,27.201190476190476
17,33,1,1,1,2,2,8,13.106746031746033,27.201190476190476
17,34,1,1,1,3,2,8,14.215079365079365,27.304761904761904
17,35,1,1,1,1,1,3,11.243253968253969,26.58214285714286
17,36,1,1,1,1,1,3,11.243253968253969,26.58214285714286
17,37,1,1,1,1,1,3,11.243253968253969,26.58214285714286
17,38,1,1,1,3,2,9,14.291666666666666,27.39047619047619
17,39,1,1,1,2,2,8,13.106746031746033,27.201190476190476
17,40,1,1,1,1,1,3,11.243253968253969,26.58214285714286
17,41,1,1,1,1,1,3,11.243253968253969,26.58214285714286
17,42,1,2,2,3,2,9,16.134126984126983,27.42857142857143
17,43,1,1,2,1,2,2,12.991071428571429,26.951190476190476
17,44,1,1,1,1,1,3,11.243253968253969,26.58214285714286
17,45,1,1,1,3,2,9,14.291666666666666,27.39047619047619
17,46,1,1,1,3,2,9,14.291666666666666,27.39047619047619
17,47,1,1,1,3,2,8,14.215079365079365,27.304761904761904
17,48,1,1,1,1,1,3,11.243253968253969,26.58214285714286
17,49,1,1,1,2,2,8,13.106746031746033,27.201190476190476
18,0,1,1,1,1,1,3,11.243253968253969,26.58214285714286
18,1,6,2,2,7,4,8,27.17718253968254,27.507142857142856
18,2,6,2,2,7,4,8,27.17718253968254,27.507142857142856
18,3,1,1,1,1,1,3,11.243253968253969,26.58214285714286
18,4,1,1,1,1,2,2,12.12420634920635,26.89404761904762
18,5,1,1,1,6,4,4,19.319246031746033,27.433333333333334
18,6,1,3,3,3,9,5,25.117261904761904,27.504761904761903
18,7,1,1,2,1,2,2,12.991071428571429,26.951190476190476
18,8,1,1,1,2,2,8,13.106746031746033,27.201190476190476
18,9,1,1,1,6,4,4,19.319246031746033,27.433333333333334
18,10,1,3,3,3,9,5,25.117261904761904,27.504761904761903
18,11,1,2,2,3,2,9,16.134126984126983,27.42857142857143
18,12,1,1,1,2,2,2,13.329563492063492,27.310714285714287
18,13,1,1,1,3,2,9,14.291666666666666,27.39047619047619
18,14,1,1,1,1,2,2,12.12420634920635,26.89404761904762
18,15,1,1,1,2,2,8,13.106746031746033,27.201190476190476
18,16,1,1,1,2,2,9,13.251190476190477,27.29642857142857
18,17,1,1,1,3,2,9,14.291666666666666,27.39047619047619
18,18,1,1,1,3,3,3,15.271230158730159,27.42738095238095
18,19,1,1,2,1,2,2,12.991071428571429,26.951190476190476
18,20,1,1,1,3,3,3,15.271230158730159,27.42738095238095
18,21,1,2,2,3,2,9,16.134126984126983,27.42857142857143
18,22,1,1,1,2,2,9,13.251190476190477,27.29642857142857
18,23,1,1,1,2,2,3,13.279960317460317,27.30238095238095
18,24,1,1,1,2,2,3,13.279960317460317,27.30238095238095
18,25,1,3,3,3,9,5,25.117261904761904,27.504761904761903
18,26,1,1,1,3,2,9,14.291666666666666,27.39047619047619
18,27,1,1,1,1,2,2,12.12420634920635,26.89404761904762
18,28,1,1,1,2,2,8,13.106746031746033,27.201190476190476
18,29,1,1,1,1,1,3,11.243253968253969,26.58214285714286
18,30,1,1,2,1,2,2,12.991071428571429,26.951190476190476
18,31,1,2,2,3,2,9,16.134126984126983,27.42857142857143
18,32,1,3,3,3,9,5,25.117261904761904,27.504761904761903
18,33,1,1,1,2,2,9,13.251190476190477,27.29642857142857
18,34,1,3,3,3,9,5,25.117261904761904,27.504761904761903
18,35,1,1,1,3,3,3,15.271230158730159,27.42738095238095
18,36,1,3,3,3,9,5,25.117261904761904,27.504761904761903
18,37,1,1,1,2,2,8,13.106746031746033,27.201190476190476
18,38,1,1,1,1,1,3,11.243253968253969,26.58214285714286
18,39,1,1,1,6,4,4,19.319246031746033,27.433333333333334
18,40,1,1,1,2,2,8,13.106746031746033,27.201190476190476
18,41,1,1,2,1,2,2,12.991071428571429,26.951190476190476
18,42,1,1,1,2,2,9,13.251190476190477,27.29642857142857
18,43,1,1,1,1,1,3,11.243253968253969,26.58214285714286
18,44,6,2,2,7,4,8,27.17718253968254,27.507142857142856
18,45,1,1,1,2,2,9,13.251190476190477,27.29642857142857
18,46,1,1,1,6,4,4,19.319246031746033,27.433333333333334
18,47,1,1,2,1,2,2,12.991071428571429,26.951190476190476
18,48,1,1,1,1,1,3,11.243253968253969,26.58214285714286
18,49,1,1,1,3,2,9,14.291666666666666,27.39047619047619
19,0,6,2,2,7,4,8,27.17718253968254,27.507142857142856
19,1,1,1,1,1,1,3,11.243253968253969,26.58214285714286
19,2,1,1,1,1,1,3,11.243253968253969,26.58214285714286
19,3,6,2,2,7,4,8,27.17718253968254,27.507142857142856
19,4,1,1,1,1,2,2,12.12420634920635,26.89404761904762
19,5,1,1,1,6,4,4,19.319246031746033,27.433333333333334
19,6,1,3,3,3,9,5,25.117261904761904,27.504761904761903
19,7,1,1,2,1,2,2,12.991071428571429,26.951190476190476
19,8,1,1,1,2,2,8,13.106746031746033,27.201190476190476
19,9,1,1,1,6,4,4,19.319246031746033,27.433333333333334
19,10,1,3,3,3,9,5,25.117261904761904,27.504761904761903
19,11,1,2,2,3,2,9,16.134126984126983,27.42857142857143
19,12,1,1,1,3,2,9,14.291666666666666,27.39047619047619
19,13,1,1,1,1,2,2,12.12420634920635,26.89404761904762
19,14,1,1,1,2,2,8,13.106746031746033,27.201190476190476
19,15,1,1,1,2,2,9,13.251190476190477,27.29642857142857
19,16,1,1,1,3,2,9,14.291666666666666,27.39047619047619
19,17,1,1,1,3,3,3,15.271230158730159,27.42738095238095
19,18,1,1,1,2,2,2,13.329563492063492,27.310714285714287
19,19,1,1,1,2,2,2,13.329563492063492,27.310714285714287
19,20,1,1,2,1,2,2,12.991071428571429,26.951190476190476
19,21,1,1,1,3,3,3,15.271230158730159,27.42738095238095
19,22,1,2,2,3,2,9,16.134126984126983,27.42857142857143
19,23,1,1,1,2,2,9,13.251190476190477,27.29642857142857
19,24,1,1,1,2,2,3,13.279960317460317,27.30238095238095
19,25,1,1,1,2,2,3,13.279960317460317,27.30238095238095
19,26,1,1,1,2,2,8,13.106746031746033,27.201190476190476
19,27,1,1,2,1,2,2,12.991071428571429,26.951190476190476
19,28,1,1,1,2,2,9,13.251190476190477,27.29642857142857
19,29,1,1,1,2,2,9,13.251190476190477,27.29642857142857
19,30,1,2,2,3,2,9,16.134126984126983,27.42857142857143
19,31,1,1,1,2,2,9,13.251190476190477,27.29642857142857
19,32,1,1,1,1,1,3,11.243253968253969,26.58214285714286
19,33,1,1,1,2,2,9,13.251190476190477,27.29642857142857
19,34,1,1,1,2,2,8,13.106746031746033,27.201190476190476
19,35,1,1,1,3,2,9,14.291666666666666,27.39047619047619
19,36,1,1,2,1,2,2,12.991071428571429,26.951190476190476
19,37,1,1,1,3,3,3,15.271230158730159,27.42738095238095
19,38,1,1,1,6,4,4,19.319246031746033,27.433333333333334
19,39,1,1,2,1,2,2,12.991071428571429,26.951190476190476
19,40,1,3,3,3,9,5,25.117261904761904,27.504761904761903
19,41,1,1,1,1,1,3,11.243253968253969,26.58214285714286
19,42,1,2,2,3,2,9,16.134126984126983,27.42857142857143
19,43,1,1,1,3,2,9,14.291666666666666,27.39047619047619
19,44,1,1,1,2,2,8,13.106746031746033,27.201190476190476
19,45,1,3,3,3,9,5,25.117261904761904,27.504761904761903
19,46,1,1,1,1,1,3,11.243253968253969,26.58214285714286
19,47,1,1,1,3,3,3,15.271230158730159,27.42738095238095
19,48,1,1,1,2,2,8,13.106746031746033,27.201190476190476
19,49,1,1,1,2,2,9,13.251190476190477,27.29642857142857
20,0,6,2,2,7,4,8,27.17718253968254,27.507142857142856
20,1,1,1,1,1,1,3,11.243253968253969,26.58214285714286
20,2,6,2,2,7,4,8,27.17718253968254,27.507142857142856
20,3,1,1,1,1,1,3,11.243253968253969,26.58214285714286
20,4,2,1,2,3,4,2,18.18452380952381,27.48690476190476
20,5,1,3,3,3,9,5,25.117261904761904,27.504761904761903
20,6,1,1,1,1,2,2,12.12420634920635,26.89404761904762
20,7,1,1,2,1,2,2,12.991071428571429,26.951190476190476
20,8,1,1,1,2,2,8,13.106746031746033,27.201190476190476
20,9,1,3,3,3,9,5,25.117261904761904,27.504761904761903
20,10,1,1,1,3,2,9,14.291666666666666,27.39047619047619
20,11,1,2,2,3,2,9,16.134126984126983,27.42857142857143
20,12,1,2,2,3,2,9,16.134126984126983,27.42857142857143
20,13,1,1,1,1,2,2,12.12420634920635,26.89404761904762
20,14,1,1,1,2,2,8,13.106746031746033,27.201190476190476
20,15,1,1,1,2,2,9,13.251190476190477,27.29642857142857
20,16,1,1,1,3,2,9,14.291666666666666,27.39047619047619
20,17,1,1,1,3,3,3,15.271230158730159,27.42738095238095
20,18,1,1,1,2,2,2,13.329563492063492,27.310714285714287
20,19,1,1,1,2,2,2,13.329563492063492,27.310714285714287
20,20,1,1,2,1,2,2,12.991071428571429,26.951190476190476
20,21,1,1,1,3,3,3,15.271230158730159,27.42738095238095
20,22,1,1,1,2,2,9,13.251190476190477,27.29642857142857
20,23,1,1,1,2,2,3,13.279960317460317,27.30238095238095
20,24,1,1,1,2,2,3,13.279960317460317,27.30238095238095
20,25,1,1,1,1,1,3,11.243253968253969,26.58214285714286
20,26,1,1,1,2,2,8,13.106746031746033,27.201190476190476
20,27,1,1,2,1,2,2,12.991071428571429,26.951190476190476
20,28,1,1,1,3,2,9,14.291666666666666,27.39047619047619
20,29,1,2,2,3,2,9,16.134126984126983,27.42857142857143
20,30,1,1,1,2,2,8,13.106746031746033,27.201190476190476
20,31,1,3,3,3,9,5,25.117261904761904,27.504761904761903
20,32,1,1,1,1,1,3,11.243253968253969,26.58214285714286
20,33,1,1,1,2,2,8,13.106746031746033,27.201190476190476
20,34,1,1,1,3,3,3,15.271230158730159,27.42738095238095
20,35,1,2,2,3,2,9,16.134126984126983,27.42857142857143
20,36,1,1,1,3,3,3,15.271230158730159,27.42738095238095
20,37,1,1,2,1,2,2,12.991071428571429,26.951190476190476
20,38,1,1,1,2,2,2,13.329563492063492,27.310714285714287
20,39,1,1,1,2,2,9,13.251190476190477,27.29642857142857
20,40,1,1,1,2,2,3,13.279960317460317,27.30238095238095
20,41,1,1,1,1,2,2,12.12420634920635,26.89404761904762
20,42,1,1,1,2,2,9,13.251190476190477,27.29642857142857
20,43,1,1,1,1,2,2,12.12420634920635,26.89404761904762
20,44,1,1,1,2,2,8,13.106746031746033,27.201190476190476
20,45,1,1,1,2,2,3,13.279960317460317,27.30238095238095
20,46,1,1,1,1,2,2,12.12420634920635,26.89404761904762
20,47,1,1,1,2,2,9,13.251190476190477,27.29642857142857
20,48,1,1,1,2,2,9,13.251190476190477,27.29642857142857
20,49,1,2,2,3,2,9,16.134126984126983,27.42857142857143
21,0,1,1,1,1,1,3,11.243253968253969,26.58214285714286
21,1,1,1,1,1,1,3,11.243253968253969,26.58214285714286
21,2,6,2,2,7,4,8,27.17718253968254,27.507142857142856
21,3,6,2,2,7,4,8,27.17718253968254,27.507142857142856
21,4,2,1,2,3,4,2,18.18452380952381,27.48690476190476
21,5,1,3,3,3,9,5,25.117261904761904,27.504761904761903
21,6,1,1,1,1,2,2,12.12420634920635,26.89404761904762
21,7,1,1,2,1,2,2,12.991071428571429,26.951190476190476
21,8,1,1,1,2,2,8,13.106746031746033,27.201190476190476
21,9,1,3,3,3,9,5,25.117261904761904,27.504761904761903
21,10,1,1,1,3,2,9,14.291666666666666,27.39047619047619
21,11,1,2,2,3,2,9,16.134126984126983,27.42857142857143
21,12,1,2,2,3,2,9,16.134126984126983,27.42857142857143
21,13,1,1,1,1,2,2,12.12420634920635,26.89404761904762
21,14,1,1,1,2,2,8,13.106746031746033,27.201190476190476
21,15,1,1,1,2,2,9,13.251190476190477,27.29642857142857
21,16,1,1,1,3,2,9,14.291666666666666,27.39047619047619
21,17,1,1,1,3,3,3,15.271230158730159,27.42738095238095
21,18,1,1,1,2,2,2,13.329563492063492,27.310714285714287
21,19,1,1,1,2,2,2,13.329563492063492,27.310714285714287
21,20,1,1,2,1,2,2,12.991071428571429,26.951190476190476
21,21,1,1,1,3,3,3,15.271230158730159,27.42738095238095
21,22,1,1,1,2,2,9,13.251190476190477,27.29642857142857
21,23,1,1,1,2,2,3,13.279960317460317,27.30238095238095
21,24,1,1,1,2,2,3,13.279960317460317,27.30238095238095
21,25,1,3,3,3,9,5,25.117261904761904,27.504761904761903
21,26,1,1,1,2,2,8,13.106746031746033,27.201190476190476
21,27,1,1,1,1,1,3,11.243253968253969,26.58214285714286
21,28,1,1,1,2,2,9,13.251190476190477,27.29642857142857
21,29,1,1,1,2,2,9,13.251190476190477,27.29642857142857
21,30,1,2,2,3,2,9,16.134126984126983,27.42857142857143
21,31,1,1,1,3,3,3,15.271230158730159,27.42738095238095
21,32,1,1,2,1,2,2,12.991071428571429,26.951190476190476
21,33,1,1,1,2,2,9,13.251190476190477,27.29642857142857
21,34,1,1,1,2,2,9,13.251190476190477,27.29642857142857
21,35,1,1,1,2,2,8,13.106746031746033,27.201190476190476
21,36,1,1,1,1,1,3,11.243253968253969,26.58214285714286
21,37,1,1,1,1,2,2,12.12420634920635,26.89404761904762
21,38,1,1,1,2,2,2,13.329563492063492,27.310714285714287
21,39,1,1,1,2,2,8,13.106746031746033,27.201190476190476
21,40,1,1,1,1,2,2,12.12420634920635,26.89404761904762
21,41,1,1,1,1,2,2,12.12420634920635,26.89404761904762
21,42,1,1,1,3,3,3,15.271230158730159,27.42738095238095
21,43,1,1,1,1,2,2,12.12420634920635,26.89404761904762
21,44,1,1,1,2,2,3,13.279960317460317,27.30238095238095
21,45,6,2,2,7,4,8,27.17718253968254,27.507142857142856
21,46,1,1,1,1,1,3,11.243253968253969,26.58214285714286
21,47,1,1,1,2,2,2,13.329563492063492,27.310714285714287
21,48,6,2,2,7,4,8,27.17718253968254,27.507142857142856
21,49,1,1,1,2,2,3,13.279960317460317,27.30238095238095
22,0,1,1,1,1,1,3,11.243253968253969,26.58214285714286
22,1,1,1,1,1,1,3,11.243253968253969,26.58214285714286
22,2,6,2,2,7,4,8,27.17718253968254,27.507142857142856
22,3,6,2,2,7,4,8,27.17718253968254,27.507142857142856
22,4,1,1,1,2,1,8,12.07718253968254,26.972619047619048
22,5,2,1,2,3,4,2,18.18452380952381,27.48690476190476
22,6,1,3,3,3,9,5,25.117261904761904,27.504761904761903
22,7,1,1,1,2,2,8,13.106746031746033,27.201190476190476
22,8,1,1,1,2,2,8,13.106746031746033,27.201190476190476
22,9,1,3,3,3,9,5,25.117261904761904,27.504761904761903
22,10,1,1,1,3,2,9,14.291666666666666,27.39047619047619
22,11,1,2,2,3,2,9,16.134126984126983,27.42857142857143
22,12,1,2,2,3,2,9,16.134126984126983,27.42857142857143
22,13,1,1,1,2,2,9,13.251190476190477,27.29642857142857
22,14,1,1,1,3,2,9,14.291666666666666,27.39047619047619
22,15,1,1,1,3,3,3,15.271230158730159,27.42738095238095
22,16,1,1,1,2,2,2,13.329563492063492,27.310714285714287
22,17,1,1,1,2,2,2,13.329563492063492,27.310714285714287
22,18,1,1,1,3,3,3,15.271230158730159,27.42738095238095
22,19,1,1,1,2,2,9,13.251190476190477,27.29642857142857
22,20,1,1,1,2,2,3,13.279960317460317,27.30238095238095
22,21,1,1,1,2,2,3,13.279960317460317,27.30238095238095
22,22,6,2,2,7,4,8,27.17718253968254,27.507142857142856
22,23,6,2,2,7,4,8,27.17718253968254,27.507142857142856
22,24,1,1,1,2,2,3,13.279960317460317,27.30238095238095
22,25,1,1,1,3,2,9,14.291666666666666,27.39047619047619
22,26,1,1,1,2,2,8,13.106746031746033,27.201190476190476
22,27,1,1,1,1,1,3,11.243253968253969,26.58214285714286
22,28,1,1,1,2,2,3,13.279960317460317,27.30238095238095
22,29,1,1,1,1,1,3,11.243253968253969,26.58214285714286
22,30,1,1,1,2,2,2,13.329563492063492,27.310714285714287
22,31,1,1,1,2,2,9,13.251190476190477,27.29642857142857
22,32,1,2,2,3,2,9,16.134126984126983,27.42857142857143
22,33,1,1,1,1,1,3,11.243253968253969,26.58214285714286
22,34,1,1,1,3,3,3,15.271230158730159,27.42738095238095
22,35,1,1,1,2,2,9,13.251190476190477,27.29642857142857
22,36,1,1,1,3,2,9,14.291666666666666,27.39047619047619
22,37,1,1,1,2,2,2,13.329563492063492,27.310714285714287
22,38,1,3,3,3,9,5,25.117261904761904,27.504761904761903
22,39,1,1,1,2,2,9,13.251190476190477,27.29642857142857
22,40,1,1,1,2,2,8,13.106746031746033,27.201190476190476
22,41,1,1,1,2,2,3,13.279960317460317,27.30238095238095
22,42,1,1,1,2,2,8,13.106746031746033,27.201190476190476
22,43,1,1,1,3,3,3,15.271230158730159,27.42738095238095
22,44,1,1,1,1,1,3,11.243253968253969,26.58214285714286
22,45,1,1,1,2,2,9,13.251190476190477,27.29642857142857
22,46,1,1,1,2,2,9,13.251190476190477,27.29642857142857
22,47,1,1,1,2,2,2,13.329563492063492,27.310714285714287
22,48,1,1,1,2,2,3,13.279960317460317,27.30238095238095
22,49,1,1,1,2,2,2,13.329563492063492,27.310714285714287
23,0,6,1,2,7,4,9,26.17718253968254,27.507142857142856
23,1,1,1,1,1,1,3,11.243253968253969,26.58214285714286
23,2,1,1,1,1,1,3,11.243253968253969,26.58214285714286
23,3,2,1,2,3,4,2,18.18452380952381,27.48690476190476
23,4,1,1,1,2,1,8,12.07718253968254,26.972619047619048
23,5,1,3,3,3,9,5,25.117261904761904,27.504761904761903
23,6,1,1,2,2,1,8,13.074404761904763,26.986904761904764
23,7,1,1,1,2,2,8,13.106746031746033,27.201190476190476
23,8,1,2,1,2,2,8,14.26388888888889,27.31904761904762
23,9,1,1,1,3,2,9,14.291666666666666,27.39047619047619
23,10,1,2,2,3,2,9,16.134126984126983,27.42857142857143
23,11,1,2,2,3,2,9,16.134126984126983,27.42857142857143
23,12,1,1,1,2,2,8,13.106746031746033,27.201190476190476
23,13,1,1,1,2,2,9,13.251190476190477,27.29642857142857
23,14,1,1,1,3,3,3,15.271230158730159,27.42738095238095
23,15,1,3,3,3,9,5,25.117261904761904,27.504761904761903
23,16,1,1,1,2,2,2,13.329563492063492,27.310714285714287
23,17,1,1,1,2,1,8,12.07718253968254,26.972619047619048
23,18,1,1,1,3,3,3,15.271230158730159,27.42738095238095
23,19,1,1,1,3,2,9,14.291666666666666,27.39047619047619
23,20,1,1,1,2,2,9,13.251190476190477,27.29642857142857
23,21,1,1,1,2,2,2,13.329563492063492,27.310714285714287
23,22,1,1,1,2,2,3,13.279960317460317,27.30238095238095
23,23,1,1,1,2,2,3,13.279960317460317,27.30238095238095
23,24,1,1,1,2,2,8,13.106746031746033,27.201190476190476
23,25,1,1,1,3,2,9,14.291666666666666,27.39047619047619
23,26,1,1,1,2,2,8,13.106746031746033,27.201190476190476
23,27,1,1,1,3,2,9,14.291666666666666,27.39047619047619
23,28,1,1,1,2,2,8,13.106746031746033,27.201190476190476
23,29,1,2,2,3,2,9,16.134126984126983,27.42857142857143
23,30,1,1,1,3,2,9,14.291666666666666,27.39047619047619
23,31,1,1,1,2,2,9,13.251190476190477,27.29642857142857
23,32,1,1,1,1,1,3,11.243253968253969,26.58214285714286
23,33,1,1,1,3,2,9,14.291666666666666,27.39047619047619
23,34,1,1,1,2,2,9,13.251190476190477,27.29642857142857
23,35,1,1,1,2,2,8,13.106746031746033,27.201190476190476
23,36,1,1,1,3,2,9,14.291666666666666,27.39047619047619
23,37,1,1,1,3,3,3,15.271230158730159,27.42738095238095
23,38,1,1,1,1,1,3,11.243253968253969,26.58214285714286
23,39,1,1,1,1,1,3,11.243253968253969,26.58214285714286
23,40,1,1,1,3,2,9,14.291666666666666,27.39047619047619
23,41,1,1,1,1,1,3,11.243253968253969,26.58214285714286
23,42,1,1,1,1,1,3,11.243253968253969,26.58214285714286
23,43,1,1,1,2,2,2,13.329563492063492,27.310714285714287
23,44,1,1,1,1,1,3,11.243253968253969,26.58214285714286
23,45,1,1,1,3,3,3,15.271230158730159,27.42738095238095
23,46,1,1,1,2,2,9,13.251190476190477,27.29642857142857
23,47,1,1,1,2,2,9,13.251190476190477,27.29642857142857
23,48,1,1,1,2,2,2,13.329563492063492,27.310714285714287
23,49,1,1,1,3,3,3,15.271230158730159,27.42738095238095
24,0,6,1,2,7,4,9,26.17718253968254,27.507142857142856
24,1,1,1,1,1,1,9,11.038293650793651,26.479761904761904
24,2,2,1,2,3,4,2,18.18452380952381,27.48690476190476
24,3,1,3,3,3,9,5,25.117261904761904,27.504761904761903
24,4,1,1,1,2,1,8,12.07718253968254,26.972619047619048
24,5,1,1,1,1,1,3,11.243253968253969,26.58214285714286
24,6,1,2,1,3,2,8,15.251587301587302,27.43452380952381
24,7,1,1,2,2,1,8,13.074404761904763,26.986904761904764
24,8,1,1,1,2,2,8,13.106746031746033,27.201190476190476
24,9,1,1,1,1,1,3,11.243253968253969,26.58214285714286
24,10,1,1,1,3,2,9,14.291666666666666,27.39047619047619
24,11,1,2,1,2,2,8,14.26388888888889,27.31904761904762
24,12,1,1,1,2,2,8,13.106746031746033,27.201190476190476
24,13,1,1,1,2,2,9,13.251190476190477,27.29642857142857
24,14,1,3,3,3,9,5,25.117261904761904,27.504761904761903
24,15,1,1,1,2,2,2,13.329563492063492,27.310714285714287
24,16,1,1,1,2,1,8,12.07718253968254,26.972619047619048
24,17,1,1,1,3,2,9,14.291666666666666,27.39047619047619
24,18,1,1,1,2,2,9,13.251190476190477,27.29642857142857
24,19,1,1,1,2,2,2,13.329563492063492,27.310714285714287
24,20,1,1,1,2,2,3,13.279960317460317,27.30238095238095
24,21,1,2,1,2,2,8,14.26388888888889,27.31904761904762
24,22,1,1,1,2,2,3,13.279960317460317,27.30238095238095
24,23,1,1,1,1,1,3,11.243253968253969,26.58214285714286
24,24,1,1,1,2,2,8,13.106746031746033,27.201190476190476
24,25,1,1,1,2,2,8,13.106746031746033,27.201190476190476
24,26,1,1,1,2,2,8,13.106746031746033,27.201190476190476
24,27,1,1,1,2,2,8,13.106746031746033,27.201190476190476
24,28,1,1,1,1,1,3,11.243253968253969,26.58214285714286
24,29,1,1,1,2,2,9,13.251190476190477,27.29642857142857
24,30,1,1,1,1,1,3,11.243253968253969,26.58214285714286
24,31,1,1,1,2,2,2,13.329563492063492,27.310714285714287
24,32,1,1,1,2,2,9,13.251190476190477,27.29642857142857
24,33,1,1,1,2,1,8,12.07718253968254,26.972619047619048
24,34,1,1,1,2,2,9,13.251190476190477,27.29642857142857
24,35,1,1,1,3,2,9,14.291666666666666,27.39047619047619
24,36,1,1,1,1,1,3,11.243253968253969,26.58214285714286
24,37,1,1,1,2,2,2,13.329563492063492,27.310714285714287
24,38,1,1,1,1,1,3,11.243253968253969,26.58214285714286
24,39,1,1,1,3,2,9,14.291666666666666,27.39047619047619
24,40,1,1,1,2,2,9,13.251190476190477,27.29642857142857
24,41,1,1,1,3,2,9,14.291666666666666,27.39047619047619
24,42,1,1,1,3,2,9,14.291666666666666,27.39047619047619
24,43,1,3,3,3,9,5,25.117261904761904,27.504761904761903
24,44,1,1,1,3,2,9,14.291666666666666,27.39047619047619
24,45,1,1,1,2,2,8,13.106746031746033,27.201190476190476
24,46,1,1,1,2,2,9,13.251190476190477,27.29642857142857
24,47,1,1,1,2,2,8,13.106746031746033,27.201190476190476
24,48,1,3,3,3,9,5,25.117261904761904,27.504761904761903
24,49,1,1,1,2,2,8,13.106746031746033,27.201190476190476
25,0,6,1,2,7,4,9,26.17718253968254,27.507142857142856
25,1,1,1,1,1,1,9,11.038293650793651,26.479761904761904
25,2,2,1,2,3,4,2,18.18452380952381,27.48690476190476
25,3,1,3,3,3,9,5,25.117261904761904,27.504761904761903
25,4,1,1,1,2,1,8,12.07718253968254,26.972619047619048
25,5,1,1,1,1,1,3,11.243253968253969,26.58214285714286
25,6,1,1,2,2,1,8,13.074404761904763,26.986904761904764
25,7,1,2,1,3,2,8,15.251587301587302,27.43452380952381
25,8,1,1,1,2,2,8,13.106746031746033,27.201190476190476
25,9,1,1,1,1,1,3,11.243253968253969,26.58214285714286
25,10,1,1,1,3,2,9,14.291666666666666,27.39047619047619
25,11,1,2,1,2,2,8,14.26388888888889,27.31904761904762
25,12,1,2,1,3,2,8,15.251587301587302,27.43452380952381
25,13,1,1,1,2,2,8,13.106746031746033,27.201190476190476
25,14,1,1,1,2,2,9,13.251190476190477,27.29642857142857
25,15,1,3,3,3,9,5,25.117261904761904,27.504761904761903
25,16,1,1,1,2,2,2,13.329563492063492,27.310714285714287
25,17,1,1,1,2,1,8,12.07718253968254,26.972619047619048
25,18,1,1,1,3,2,9,14.291666666666666,27.39047619047619
25,19,1,1,2,2,1,8,13.074404761904763,26.986904761904764
25,20,1,1,1,2,2,9,13.251190476190477,27.29642857142857
25,21,1,1,1,2,2,2,13.329563492063492,27.310714285714287
25,22,1,1,1,2,2,3,13.279960317460317,27.30238095238095
25,23,1,2,1,2,2,8,14.26388888888889,27.31904761904762
25,24,1,1,1,2,2,3,13.279960317460317,27.30238095238095
25,25,1,1,1,2,1,8,12.07718253968254,26.972619047619048
25,26,1,1,1,3,2,9,14.291666666666666,27.39047619047619
25,27,1,3,3,3,9,5,25.117261904761904,27.504761904761903
25,28,1,3,3,3,9,5,25.117261904761904,27.504761904761903
25,29,1,1,1,1,1,3,11.243253968253969,26.58214285714286
25,30,1,1,1,2,2,8,13.106746031746033,27.201190476190476
25,31,1,1,1,2,2,9,13.251190476190477,27.29642857142857
25,32,1,1,1,3,2,9,14.291666666666666,27.39047619047619
25,33,1,1,1,2,2,8,13.106746031746033,27.201190476190476
25,34,1,1,1,2,2,9,13.251190476190477,27.29642857142857
25,35,1,1,1,3,2,9,14.291666666666666,27.39047619047619
25,36,1,1,1,2,1,8,12.07718253968254,26.972619047619048
25,37,1,1,1,2,2,8,13.106746031746033,27.201190476190476
25,38,1,1,1,2,2,9,13.251190476190477,27.29642857142857
25,39,1,1,1,2,2,8,13.106746031746033,27.201190476190476
25,40,1,1,1,2,2,8,13.106746031746033,27.201190476190476
25,41,1,3,3,3,9,5,25.117261904761904,27.504761904761903
25,42,1,1,1,1,1,3,11.243253968253969,26.58214285714286
25,43,1,1,1,2,2,8,13.106746031746033,27.201190476190476
25,44,1,1,1,2,2,2,13.329563492063492,27.310714285714287
25,45,1,1,1,2,2,3,13.279960317460317,27.30238095238095
25,46,1,2,1,2,2,8,14.26388888888889,27.31904761904762
25,47,1,1,1,2,2,8,13.106746031746033,27.201190476190476
25,48,1,1,1,2,2,8,13.106746031746033,27.201190476190476
25,49,1,1,1,2,2,8,13.106746031746033,27.201190476190476
26,0,6,1,2,7,4,9,26.17718253968254,27.507142857142856
26,1,1,1,1,1,1,9,11.038293650793651,26.479761904761904
26,2,2,1,2,3,4,2,18.18452380952381,27.48690476190476
26,3,1,3,3,3,9,5,25.117261904761904,27.504761904761903
26,4,1,1,1,2,1,8,12.07718253968254,26.972619047619048
26,5,1,1,1,1,1,3,11.243253968253969,26.58214285714286
26,6,1,1,2,2,1,8,13.074404761904763,26.986904761904764
26,7,1,2,1,3,2,8,15.251587301587302,27.43452380952381
26,8,1,1,1,2,2,8,13.106746031746033,27.201190476190476
26,9,1,1,1,1,1,3,11.243253968253969,26.58214285714286
26,10,1,1,1,3,2,9,14.291666666666666,27.39047619047619
26,11,1,2,1,2,2,8,14.26388888888889,27.31904761904762
26,12,1,2,1,3,2,8,15.251587301587302,27.43452380952381
26,13,1,1,1,2,2,8,13.106746031746033,27.201190476190476
26,14,1,1,1,2,2,9,13.251190476190477,27.29642857142857
26,15,1,3,3,3,9,5,25.117261904761904,27.504761904761903
26,16,1,1,1,2,2,2,13.329563492063492,27.310714285714287
26,17,1,1,1,2,1,8,12.07718253968254,26.972619047619048
26,18,1,1,1,3,2,9,14.291666666666666,27.39047619047619
26,19,1,1,2,2,1,8,13.074404761904763,26.986904761904764
26,20,1,1,1,2,2,9,13.251190476190477,27.29642857142857
26,21,1,1,1,2,2,2,13.329563492063492,27.310714285714287
26,22,1,1,1,2,2,3,13.279960317460317,27.30238095238095
26,23,1,2,1,2,2,8,14.26388888888889,27.31904761904762
26,24,1,1,1,2,2,3,13.279960317460317,27.30238095238095
26,25,1,1,1,2,2,9,13.251190476190477,27.29642857142857
26,26,1,1,1,3,2,9,14.291666666666666,27.39047619047619
26,27,1,1,1,2,2,8,13.106746031746033,27.201190476190476
26,28,1,1,1,2,2,8,13.106746031746033,27.201190476190476
26,29,1,1,1,2,2,8,13.106746031746033,27.201190476190476
26,30,1,1,1,2,2,9,13.251190476190477,27.29642857142857
26,31,1,1,1,1,1,3,11.243253968253969,26.58214285714286
26,32,1,2,1,3,2,8,15.251587301587302,27.43452380952381
26,33,1,1,1,2,2,8,13.106746031746033,27.201190476190476
26,34,1,1,1,2,2,8,13.106746031746033,27.201190476190476
26,35,1,1,1,2,2,2,13.329563492063492,27.310714285714287
26,36,1,1,1,2,2,8,13.106746031746033,27.201190476190476
26,37,1,1,1,2,2,8,13.106746031746033,27.201190476190476
26,38,1,2,1,2,2,8,14.26388888888889,27.31904761904762
26,39,1,3,3,3,9,5,25.117261904761904,27.504761904761903
26,40,1,1,1,2,2,8,13.106746031746033,27.201190476190476
26,41,1,1,1,2,2,3,13.279960317460317,27.30238095238095
26,42,1,1,1,2,2,9,13.251190476190477,27.29642857142857
26,43,1,1,1,2,2,8,13.106746031746033,27.201190476190476
26,44,1,1,1,2,1,8,12.07718253968254,26.972619047619048
26,45,1,1,1,2,1,8,12.07718253968254,26.972619047619048
26,46,1,1,1,2,2,8,13.106746031746033,27.201190476190476
26,47,1,3,3,3,9,5,25.117261904761904,27.504761904761903
26,48,1,2,1,2,2,8,14.26388888888889,27.31904761904762
26,49,1,1,1,2,2,8,13.106746031746033,27.201190476190476
27,0,6,1,2,7,4,9,26.17718253968254,27.507142857142856
27,1,1,1,1,1,1,9,11.038293650793651,26.479761904761904
27,2,2,1,2,3,4,2,18.18452380952381,27.48690476190476
27,3,1,3,3,3,9,5,25.117261904761904,27.504761904761903
27,4,1,1,1,2,1,8,12.07718253968254,26.972619047619048
27,5,1,1,1,1,1,3,11.243253968253969,26.58214285714286
27,6,1,1,2,2,1,8,13.074404761904763,26.986904761904764
27,7,1,2,1,3,2,8,15.251587301587302,27.43452380952381
27,8,1,1,1,2,2,8,13.106746031746033,27.201190476190476
27,9,2,1,2,3,4,2,18.18452380952381,27.48690476190476
27,10,1,1,1,1,1,3,11.243253968253969,26.58214285714286
27,11,1,1,1,3,2,9,14.291666666666666,27.39047619047619
27,12,1,2,1,2,2,8,14.26388888888889,27.31904761904762
27,13,1,2,1,3,2,8,15.251587301587302,27.43452380952381
27,14,1,1,1,2,2,8,13.106746031746033,27.201190476190476
27,15,1,1,1,2,2,9,13.251190476190477,27.29642857142857
27,16,1,3,3,3,9,5,25.117261904761904,27.504761904761903
27,17,1,1,1,2,2,2,13.329563492063492,27.310714285714287
27,18,1,1,1,2,1,8,12.07718253968254,26.972619047619048
27,19,1,1,1,3,2,9,14.291666666666666,27.39047619047619
27,20,1,1,2,2,1,8,13.074404761904763,26.986904761904764
27,21,1,1,1,2,2,9,13.251190476190477,27.29642857142857
27,22,1,1,1,2,2,2,13.329563492063492,27.310714285714287
27,23,1,1,1,2,2,3,13.279960317460317,27.30238095238095
27,24,1,2,1,2,2,8,14.26388888888889,27.31904761904762
27,25,1,1,1,2,2,3,13.279960317460317,27.30238095238095
27,26,1,1,1,2,2,8,13.106746031746033,27.201190476190476
27,27,1,1,1,2,2,9,13.251190476190477,27.29642857142857
27,28,1,2,1,2,2,8,14.26388888888889,27.31904761904762
27,29,1,1,1,2,2,9,13.251190476190477,27.29642857142857
27,30,1,1,1,2,2,8,13.106746031746033,27.201190476190476
27,31,1,1,1,2,2,8,13.106746031746033,27.201190476190476
27,32,1,1,1,2,2,8,13.106746031746033,27.201190476190476
27,33,1,1,1,2,2,8,13.106746031746033,27.201190476190476
27,34,1,1,1,2,2,8,13.106746031746033,27.201190476190476
27,35,1,1,1,2,2,9,13.251190476190477,27.29642857142857
27,36,1,1,1,2,2,8,13.106746031746033,27.201190476190476
27,37,1,1,1,1,1,3,11.243253968253969,26.58214285714286
27,38,1,3,3,3,9,5,25.117261904761904,27.504761904761903
27,39,1,3,3,3,9,5,25.117261904761904,27.504761904761903
27,40,1,1,1,2,2,8,13.106746031746033,27.201190476190476
27,41,1,2,1,3,2,8,15.251587301587302,27.43452380952381
27,42,1,1,1,2,2,8,13.106746031746033,27.201190476190476
27,43,1,2,1,3,2,8,15.251587301587302,27.43452380952381
27,44,1,1,1,2,1,8,12.07718253968254,26.972619047619048
27,45,1,1,1,2,2,8,13.106746031746033,27.201190476190476
27,46,1,2,1,2,2,8,14.26388888888889,27.31904761904762
27,47,1,1,1,2,2,8,13.106746031746033,27.201190476190476
27,48,1,2,1,2,2,8,14.26388888888889,27.31904761904762
27,49,1,1,1,2,2,2,13.329563492063492,27.310714285714287
28,0,1,1,1,1,1,9,11.038293650793651,26.479761904761904
28,1,1,1,1,1,1,9,11.038293650793651,26.479761904761904
28,2,6,1,2,7,4,9,26.17718253968254,27.507142857142856
28,3,6,1,2,7,4,9,26.17718253968254,27.507142857142856
28,4,2,1,2,3,4,2,18.18452380952381,27.48690476190476
28,5,1,3,3,3,9,5,25.117261904761904,27.504761904761903
28,6,1,1,1,2,1,8,12.07718253968254,26.972619047619048
28,7,1,1,1,1,1,3,11.243253968253969,26.58214285714286
28,8,1,1,2,2,1,8,13.074404761904763,26.986904761904764
28,9,1,2,1,3,2,8,15.251587301587302,27.43452380952381
28,10,1,1,1,2,2,8,13.106746031746033,27.201190476190476
28,11,2,1,2,3,4,2,18.18452380952381,27.48690476190476
28,12,1,1,1,1,1,3,11.243253968253969,26.58214285714286
28,13,1,1,1,3,2,9,14.291666666666666,27.39047619047619
28,14,1,2,1,2,2,8,14.26388888888889,27.31904761904762
28,15,1,2,1,3,2,8,15.251587301587302,27.43452380952381
28,16,1,1,1,2,2,8,13.106746031746033,27.201190476190476
28,17,1,1,1,2,2,9,13.251190476190477,27.29642857142857
28,18,1,3,3,3,9,5,25.117261904761904,27.504761904761903
28,19,1,1,1,2,2,2,13.329563492063492,27.310714285714287
28,20,1,1,1,2,1,8,12.07718253968254,26.972619047619048
28,21,1,1,1,3,2,9,14.291666666666666,27.39047619047619
28,22,1,1,2,2,1,8,13.074404761904763,26.986904761904764
28,23,1,1,1,2,2,9,13.251190476190477,27.29642857142857
28,24,1,1,1,2,2,2,13.329563492063492,27.310714285714287
28,25,1,1,1,2,2,3,13.279960317460317,27.30238095238095
28,26,1,2,1,2,2,8,14.26388888888889,27.31904761904762
28,27,1,1,1,2,2,3,13.279960317460317,27.30238095238095
28,28,1,1,1,2,2,8,13.106746031746033,27.201190476190476
28,29,1,2,1,3,2,8,15.251587301587302,27.43452380952381
28,30,1,1,1,2,2,9,13.251190476190477,27.29642857142857
28,31,1,1,1,2,2,8,13.106746031746033,27.201190476190476
28,32,1,1,1,2,2,2,13.329563492063492,27.310714285714287
28,33,1,1,1,2,1,8,12.07718253968254,26.972619047619048
28,34,1,3,3,3,9,5,25.117261904761904,27.504761904761903
28,35,1,1,1,2,2,9,13.251190476190477,27.29642857142857
28,36,1,1,1,2,2,8,13.106746031746033,27.201190476190476
28,37,1,2,1,2,2,8,14.26388888888889,27.31904761904762
28,38,1,1,1,2,2,8,13.106746031746033,27.201190476190476
28,39,1,1,1,2,2,3,13.279960317460317,27.30238095238095
28,40,1,1,1,2,2,9,13.251190476190477,27.29642857142857
28,41,1,1,1,2,2,8,13.106746031746033,27.201190476190476
28,42,1,1,1,2,1,8,12.07718253968254,26.972619047619048
28,43,1,1,1,1,1,3,11.243253968253969,26.58214285714286
28,44,1,1,1,2,2,8,13.106746031746033,27.201190476190476
28,45,1,1,1,2,2,8,13.106746031746033,27.201190476190476
28,46,1,2,1,3,2,8,15.251587301587302,27.43452380952381
28,47,1,2,1,2,2,8,14.26388888888889,27.31904761904762
28,48,1,1,1,2,2,8,13.106746031746033,27.201190476190476
28,49,1,1,1,1,1,3,11.243253968253969,26.58214285714286
29,0,6,1,2,7,4,9,26.17718253968254,27.507142857142856
29,1,1,1,1,1,1,9,11.038293650793651,26.479761904761904
29,2,1,1,1,1,1,9,11.038293650793651,26.479761904761904
29,3,6,1,2,7,4,9,26.17718253968254,27.507142857142856
29,4,2,1,2,3,4,2,18.18452380952381,27.48690476190476
29,5,1,3,3,3,9,5,25.117261904761904,27.504761904761903
29,6,1,1,1,2,1,8,12.07718253968254,26.972619047619048
29,7,1,1,1,1,1,3,11.243253968253969,26.58214285714286
29,8,1,1,2,2,1,8,13.074404761904763,26.986904761904764
29,9,1,1,1,2,2,8,13.106746031746033,27.201190476190476
29,10,1,2,1,3,2,8,15.251587301587302,27.43452380952381
29,11,2,1,2,3,4,2,18.18452380952381,27.48690476190476
29,12,1,1,1,1,1,3,11.243253968253969,26.58214285714286
29,13,1,2,1,2,2,8,14.26388888888889,27.31904761904762
29,14,1,1,1,3,2,9,14.291666666666666,27.39047619047619
29,15,1,1,1,2,4,8,15.163690476190476,27.41190476190476
29,16,1,1,1,2,2,8,13.106746031746033,27.201190476190476
29,17,1,1,1,2,2,9,13.251190476190477,27.29642857142857
29,18,1,3,3,3,9,5,25.117261904761904,27.504761904761903
29,19,1,1,1,2,2,2,13.329563492063492,27.310714285714287
29,20,1,1,1,2,1,8,12.07718253968254,26.972619047619048
29,21,1,2,1,3,2,8,15.251587301587302,27.43452380952381
29,22,1,1,1,3,2,9,14.291666666666666,27.39047619047619
29,23,1,1,2,2,1,8,13.074404761904763,26.986904761904764
29,24,1,1,1,2,2,9,13.251190476190477,27.29642857142857
29,25,1,1,1,2,2,2,13.329563492063492,27.310714285714287
29,26,1,1,1,2,2,3,13.279960317460317,27.30238095238095
29,27,1,2,1,2,2,8,14.26388888888889,27.31904761904762
29,28,1,1,1,2,2,3,13.279960317460317,27.30238095238095
29,29,1,1,1,2,2,9,13.251190476190477,27.29642857142857
29,30,1,1,1,2,2,8,13.106746031746033,27.201190476190476
29,31,1,1,1,2,2,9,13.251190476190477,27.29642857142857
29,32,1,1,1,2,2,8,13.106746031746033,27.201190476190476
29,33,1,1,1,2,2,8,13.106746031746033,27.201190476190476
29,34,1,1,1,2,2,8,13.106746031746033,27.201190476190476
29,35,1,1,1,2,2,9,13.251190476190477,27.29642857142857
29,36,1,1,1,1,1,3,11.243253968253969,26.58214285714286
29,37,1,1,1,2,2,8,13.106746031746033,27.201190476190476
29,38,1,1,1,1,1,9,11.038293650793651,26.479761904761904
29,39,1,3,3,3,9,5,25.117261904761904,27.504761904761903
29,40,1,2,1,2,2,8,14.26388888888889,27.31904761904762
29,41,1,1,1,2,2,8,13.106746031746033,27.201190476190476
29,42,1,1,1,2,1,8,12.07718253968254,26.972619047619048
29,43,1,1,1,2,2,8,13.106746031746033,27.201190476190476
29,44,1,1,1,1,1,3,11.243253968253969,26.58214285714286
29,45,1,1,1,2,2,8,13.106746031746033,27.201190476190476
29,46,1,1,1,2,2,8,13.106746031746033,27.201190476190476
29,47,1,3,3,3,9,5,25.117261904761904,27.504761904761903
29,48,1,1,1,1,1,9,11.038293650793651,26.479761904761904
29,49,1,1,1,2,2,8,13.106746031746033,27.201190476190476
30,0,1,1,1,1,1,9,11.038293650793651,26.479761904761904
30,1,1,1,1,1,1,9,11.038293650793651,26.479761904761904
30,2,6,1,2,7,4,9,26.17718253968254,27.507142857142856
30,3,6,1,2,7,4,9,26.17718253968254,27.507142857142856
30,4,2,1,2,3,4,2,18.18452380952381,27.48690476190476
30,5,1,3,3,3,9,5,25.117261904761904,27.504761904761903
30,6,1,1,1,2,1,8,12.07718253968254,26.972619047619048
30,7,1,1,1,1,1,3,11.243253968253969,26.58214285714286
30,8,1,1,2,2,1,8,13.074404761904763,26.986904761904764
30,9,1,1,1,2,2,8,13.106746031746033,27.201190476190476
30,10,1,2,1,3,2,8,15.251587301587302,27.43452380952381
30,11,2,1,2,3,4,2,18.18452380952381,27.48690476190476
30,12,1,1,1,1,1,3,11.243253968253969,26.58214285714286
30,13,1,2,1,2,2,8,14.26388888888889,27.31904761904762
30,14,1,1,1,3,2,9,14.291666666666666,27.39047619047619
30,15,1,1,1,2,2,8,13.106746031746033,27.201190476190476
30,16,1,1,1,2,2,9,13.251190476190477,27.29642857142857
30,17,1,3,3,3,9,5,25.117261904761904,27.504761904761903
30,18,1,1,1,2,4,8,15.163690476190476,27.41190476190476
30,19,1,1,1,2,2,2,13.329563492063492,27.310714285714287
30,20,1,1,1,2,1,8,12.07718253968254,26.972619047619048
30,21,1,2,1,3,2,8,15.251587301587302,27.43452380952381
30,22,1,1,1,2,4,8,15.163690476190476,27.41190476190476
30,23,1,1,1,3,2,9,14.291666666666666,27.39047619047619
30,24,1,1,2,2,1,8,13.074404761904763,26.986904761904764
30,25,1,1,1,2,2,9,13.251190476190477,27.29642857142857
30,26,1,1,1,2,2,2,13.329563492063492,27.310714285714287
30,27,1,1,1,2,2,3,13.279960317460317,27.30238095238095
30,28,1,2,1,2,2,8,14.26388888888889,27.31904761904762
30,29,1,1,1,2,2,3,13.279960317460317,27.30238095238095
30,30,1,2,1,2,2,8,14.26388888888889,27.31904761904762
30,31,1,3,3,3,9,5,25.117261904761904,27.504761904761903
30,32,1,1,2,2,1,8,13.074404761904763,26.986904761904764
30,33,1,1,1,1,1,9,11.038293650793651,26.479761904761904
30,34,1,1,1,2,2,9,13.251190476190477,27.29642857142857
30,35,1,1,1,1,1,3,11.243253968253969,26.58214285714286
30,36,1,1,1,2,2,8,13.106746031746033,27.201190476190476
30,37,1,1,1,1,1,9,11.038293650793651,26.479761904761904
30,38,2,1,2,3,4,2,18.18452380952381,27.48690476190476
30,39,1,1,1,2,2,8,13.106746031746033,27.201190476190476
30,40,1,1,1,2,2,8,13.106746031746033,27.201190476190476
30,41,1,1,1,2,2,3,13.279960317460317,27.30238095238095
30,42,1,2,1,2,2,8,14.26388888888889,27.31904761904762
30,43,1,2,1,2,2,8,14.26388888888889,27.31904761904762
30,44,1,1,1,1,1,9,11.038293650793651,26.479761904761904
30,45,1,1,1,2,2,8,13.106746031746033,27.201190476190476
30,46,1,1,1,2,1,8,12.07718253968254,26.972619047619048
30,47,1,1,1,2,2,8,13.106746031746033,27.201190476190476
30,48,1,1,1,2,2,9,13.251190476190477,27.29642857142857
30,49,1,1,1,1,1,3,11.243253968253969,26.58214285714286
31,0,1,1,1,1,1,9,11.038293650793651,26.479761904761904
31,1,6,1,2,7,4,9,26.17718253968254,27.507142857142856
31,2,1,1,1,1,1,9,11.038293650793651,26.479761904761904
31,3,6,1,2,7,4,9,26.17718253968254,27.507142857142856
31,4,2,1,2,3,4,2,18.18452380952381,27.48690476190476
31,5,1,3,3,3,9,5,25.117261904761904,27.504761904761903
31,6,1,1,1,2,1,8,12.07718253968254,26.972619047619048
31,7,1,1,1,1,1,3,11.243253968253969,26.58214285714286
31,8,1,1,2,2,1,8,13.074404761904763,26.986904761904764
31,9,1,1,1,2,2,8,13.106746031746033,27.201190476190476
31,10,1,2,1,3,2,8,15.251587301587302,27.43452380952381
31,11,2,1,2,3,4,2,18.18452380952381,27.48690476190476
31,12,1,1,1,1,1,3,11.243253968253969,26.58214285714286
31,13,1,2,1,2,2,8,14.26388888888889,27.31904761904762
31,14,1,1,1,3,2,9,14.291666666666666,27.39047619047619
31,15,1,1,1,2,2,8,13.106746031746033,27.201190476190476
31,16,1,1,1,2,2,9,13.251190476190477,27.29642857142857
31,17,1,3,3,3,9,5,25.117261904761904,27.504761904761903
31,18,1,1,1,2,4,8,15.163690476190476,27.41190476190476
31,19,1,1,1,2,2,2,13.329563492063492,27.310714285714287
31,20,1,1,1,2,1,8,12.07718253968254,26.972619047619048
31,21,1,2,1,3,2,8,15.251587301587302,27.43452380952381
31,22,1,1,1,2,4,8,15.163690476190476,27.41190476190476
31,23,1,1,1,3,2,9,14.291666666666666,27.39047619047619
31,24,1,1,2,2,1,8,13.074404761904763,26.986904761904764
31,25,1,1,1,2,2,9,13.251190476190477,27.29642857142857
31,26,1,1,1,2,2,2,13.329563492063492,27.310714285714287
31,27,1,1,1,2,2,3,13.279960317460317,27.30238095238095
31,28,1,2,1,2,2,8,14.26388888888889,27.31904761904762
31,29,1,1,1,2,2,3,13.279960317460317,27.30238095238095
31,30,1,1,1,2,2,2,13.329563492063492,27.310714285714287
31,31,1,1,1,2,2,8,13.106746031746033,27.201190476190476
31,32,6,1,2,7,4,9,26.17718253968254,27.507142857142856
31,33,1,1,2,2,1,8,13.074404761904763,26.986904761904764
31,34,1,1,1,1,1,9,11.038293650793651,26.479761904761904
31,35,1,1,1,3,2,9,14.291666666666666,27.39047619047619
31,36,1,2,1,2,2,8,14.26388888888889,27.31904761904762
31,37,1,1,1,1,1,9,11.038293650793651,26.479761904761904
31,38,1,1,1,2,2,8,13.106746031746033,27.201190476190476
31,39,1,1,1,2,2,9,13.251190476190477,27.29642857142857
31,40,1,1,1,2,2,9,13.251190476190477,27.29642857142857
31,41,1,1,1,2,2,9,13.251190476190477,27.29642857142857
31,42,1,1,1,2,2,3,13.279960317460317,27.30238095238095
31,43,1,1,1,1,1,9,11.038293650793651,26.479761904761904
31,44,1,1,1,2,2,8,13.106746031746033,27.201190476190476
31,45,1,2,1,2,2,8,14.26388888888889,27.31904761904762
31,46,1,1,1,1,1,3,11.243253968253969,26.58214285714286
31,47,1,2,1,3,2,8,15.251587301587302,27.43452380952381
31,48,1,1,1,2,2,8,13.106746031746033,27.201190476190476
31,49,1,2,1,2,2,8,14.26388888888889,27.31904761904762
32,0,6,1,2,7,4,9,26.17718253968254,27.507142857142856
32,1,1,1,1,1,1,9,11.038293650793651,26.479761904761904
32,2,6,1,2,7,4,9,26.17718253968254,27.507142857142856
32,3,1,1,1,1,1,9,11.038293650793651,26.479761904761904
32,4,2,1,2,3,4,2,18.18452380952381,27.48690476190476
32,5,1,3,3,3,9,5,25.117261904761904,27.504761904761903
32,6,1,1,1,2,1,8,12.07718253968254,26.972619047619048
32,7,1,1,1,1,1,3,11.243253968253969,26.58214285714286
32,8,1,1,2,2,1,8,13.074404761904763,26.986904761904764
32,9,1,1,1,2,2,8,13.106746031746033,27.201190476190476
32,10,1,2,1,3,2,8,15.251587301587302,27.43452380952381
32,11,2,1,2,3,4,2,18.18452380952381,27.48690476190476
32,12,1,1,1,1,1,3,11.243253968253969,26.58214285714286
32,13,1,2,1,2,2,8,14.26388888888889,27.31904761904762
32,14,1,1,1,3,2,9,14.291666666666666,27.39047619047619
32,15,1,1,1,2,2,8,13.106746031746033,27.201190476190476
32,16,1,1,1,2,2,9,13.251190476190477,27.29642857142857
32,17,1,3,3,3,9,5,25.117261904761904,27.504761904761903
32,18,1,1,1,2,4,8,15.163690476190476,27.41190476190476
32,19,1,1,1,2,2,2,13.329563492063492,27.310714285714287
32,20,1,1,1,2,1,8,12.07718253968254,26.972619047619048
32,21,1,2,1,3,2,8,15.251587301587302,27.43452380952381
32,22,1,1,1,2,4,8,15.163690476190476,27.41190476190476
32,23,1,1,1,3,2,9,14.291666666666666,27.39047619047619
32,24,1,1,2,2,1,8,13.074404761904763,26.986904761904764
32,25,1,1,1,2,2,9,13.251190476190477,27.29642857142857
32,26,1,1,1,2,2,2,13.329563492063492,27.310714285714287
32,27,1,1,1,2,2,3,13.279960317460317,27.30238095238095
32,28,1,2,1,2,2,8,14.26388888888889,27.31904761904762
32,29,1,1,1,2,2,3,13.279960317460317,27.30238095238095
32,30,1,1,1,2,2,3,13.279960317460317,27.30238095238095
32,31,1,1,1,2,1,8,12.07718253968254,26.972619047619048
32,32,1,1,1,2,2,3,13.279960317460317,27.30238095238095
32,33,1,1,1,2,2,3,13.279960317460317,27.30238095238095
32,34,1,1,1,2,2,2,13.329563492063492,27.310714285714287
32,35,1,1,1,2,2,8,13.106746031746033,27.201190476190476
32,36,1,1,1,1,1,9,11.038293650793651,26.479761904761904
32,37,1,1,1,2,2,9,13.251190476190477,27.29642857142857
32,38,1,1,2,2,1,8,13.074404761904763,26.986904761904764
32,39,1,2,1,2,2,8,14.26388888888889,27.31904761904762
32,40,1,1,1,2,2,8,13.106746031746033,27.201190476190476
32,41,1,1,1,3,2,9,14.291666666666666,27.39047619047619
32,42,1,2,1,2,2,8,14.26388888888889,27.31904761904762
32,43,1,1,1,2,2,9,13.251190476190477,27.29642857142857
32,44,1,1,1,2,2,3,13.279960317460317,27.30238095238095
32,45,1,1,1,1,1,9,11.038293650793651,26.479761904761904
32,46,1,1,1,2,1,8,12.07718253968254,26.972619047619048
32,47,1,1,1,2,4,8,15.163690476190476,27.41190476190476
32,48,1,1,1,2,2,9,13.251190476190477,27.29642857142857
32,49,1,2,1,3,2,8,15.251587301587302,27.43452380952381
33,0,6,1,2,7,4,9,26.17718253968254,27.507142857142856
33,1,1,1,1,1,1,9,11.038293650793651,26.479761904761904
33,2,1,1,1,1,1,9,11.038293650793651,26.479761904761904
33,3,6,1,2,7,4,9,26.17718253968254,27.507142857142856
33,4,2,1,2,3,4,2,18.18452380952381,27.48690476190476
33,5,1,3,3,3,9,5,25.117261904761904,27.504761904761903
33,6,1,1,1,2,1,8,12.07718253968254,26.972619047619048
33,7,1,1,1,1,1,3,11.243253968253969,26.58214285714286
33,8,1,1,2,2,1,8,13.074404761904763,26.986904761904764
33,9,1,1,1,2,2,8,13.106746031746033,27.201190476190476
33,10,1,2,1,3,2,8,15.251587301587302,27.43452380952381
33,11,2,1,2,3,4,2,18.18452380952381,27.48690476190476
33,12,1,1,1,1,1,3,11.243253968253969,26.58214285714286
33,13,1,2,1,2,2,8,14.26388888888889,27.31904761904762
33,14,1,1,1,3,2,9,14.291666666666666,27.39047619047619
33,15,1,1,1,2,2,8,13.106746031746033,27.201190476190476
33,16,1,1,1,2,2,9,13.251190476190477,27.29642857142857
33,17,1,3,3,3,9,5,25.117261904761904,27.504761904761903
33,18,1,1,1,2,4,8,15.163690476190476,27.41190476190476
33,19,1,1,1,2,2,2,13.329563492063492,27.310714285714287
33,20,1,1,1,2,1,8,12.07718253968254,26.972619047619048
33,21,1,2,1,3,2,8,15.251587301587302,27.43452380952381
33,22,1,1,1,2,4,8,15.163690476190476,27.41190476190476
33,23,1,1,1,3,2,9,14.291666666666666,27.39047619047619
33,24,1,1,2,2,1,8,13.074404761904763,26.986904761904764
33,25,1,1,1,2,2,9,13.251190476190477,27.29642857142857
33,26,1,1,1,2,2,2,13.329563492063492,27.310714285714287
33,27,1,1,1,2,2,3,13.279960317460317,27.30238095238095
33,28,1,2,1,2,2,8,14.26388888888889,27.31904761904762
33,29,1,1,1,2,2,3,13.279960317460317,27.30238095238095
33,30,1,1,1,1,1,9,11.038293650793651,26.479761904761904
33,31,1,1,1,2,2,3,13.279960317460317,27.30238095238095
33,32,1,1,1,3,2,9,14.291666666666666,27.39047619047619
33,33,1,1,1,2,2,3,13.279960317460317,27.30238095238095
33,34,1,2,1,2,2,8,14.26388888888889,27.31904761904762
33,35,1,1,1,2,2,2,13.329563492063492,27.310714285714287
33,36,1,1,1,1,1,3,11.243253968253969,26.58214285714286
33,37,1,1,1,2,2,9,13.251190476190477,27.29642857142857
33,38,1,1,1,2,2,8,13.106746031746033,27.201190476190476
33,39,1,1,1,1,1,9,11.038293650793651,26.479761904761904
33,40,1,1,1,2,1,8,12.07718253968254,26.972619047619048
33,41,6,1,2,7,4,9,26.17718253968254,27.507142857142856
33,42,1,1,1,1,1,9,11.038293650793651,26.479761904761904
33,43,1,1,1,1,1,3,11.243253968253969,26.58214285714286
33,44,1,1,1,2,4,8,15.163690476190476,27.41190476190476
33,45,1,1,1,2,2,9,13.251190476190477,27.29642857142857
33,46,1,1,1,2,2,3,13.279960317460317,27.30238095238095
33,47,1,1,1,2,4,8,15.163690476190476,27.41190476190476
33,48,1,1,1,2,1,8,12.07718253968254,26.972619047619048
33,49,1,1,1,2,2,9,13.251190476190477,27.29642857142857
34,0,6,1,2,7,4,9,26.17718253968254,27.507142857142856
34,1,1,1,1,1,1,9,11.038293650793651,26.479761904761904
34,2,6,1,2,7,4,9,26.17718253968254,27.507142857142856
34,3,1,1,1,1,1,9,11.038293650793651,26.479761904761904
34,4,2,1,2,3,4,2,18.18452380952381,27.48690476190476
34,5,1,3,3,3,9,5,25.117261904761904,27.504761904761903
34,6,1,1,1,2,1,8,12.07718253968254,26.972619047619048
34,7,1,1,1,1,1,3,11.243253968253969,26.58214285714286
34,8,1,1,2,2,1,8,13.074404761904763,26.986904761904764
34,9,1,1,1,2,2,8,13.106746031746033,27.201190476190476
34,10,1,2,1,3,2,8,15.251587301587302,27.43452380952381
34,11,2,1,2,3,4,2,18.18452380952381,27.48690476190476
34,12,1,1,1,1,1,3,11.243253968253969,26.58214285714286
34,13,1,2,1,2,2,8,14.26388888888889,27.31904761904762
34,14,1,1,1,3,2,9,14.291666666666666,27.39047619047619
34,15,1,1,1,2,2,8,13.106746031746033,27.201190476190476
34,16,1,1,1,2,2,9,13.251190476190477,27.29642857142857
34,17,1,3,3,3,9,5,25.117261904761904,27.504761904761903
34,18,1,1,1,2,4,8,15.163690476190476,27.41190476190476
34,19,1,1,1,2,2,2,13.329563492063492,27.310714285714287
34,20,1,1,1,2,1,8,12.07718253968254,26.972619047619048
34,21,1,2,1,3,2,8,15.251587301587302,27.43452380952381
34,22,1,1,1,2,4,8,15.163690476190476,27.41190476190476
34,23,1,1,1,3,2,9,14.291666666666666,27.39047619047619
34,24,1,1,2,2,1,8,13.074404761904763,26.986904761904764
34,25,1,1,1,2,2,9,13.251190476190477,27.29642857142857
34,26,1,1,1,2,2,2,13.329563492063492,27.310714285714287
34,27,1,1,1,2,2,3,13.279960317460317,27.30238095238095
34,28,1,2,1,2,2,8,14.26388888888889,27.31904761904762
34,29,1,1,1,2,2,3,13.279960317460317,27.30238095238095
34,30,1,1,2,2,1,8,13.074404761904763,26.986904761904764
34,31,1,1,1,2,4,8,15.163690476190476,27.41190476190476
34,32,2,1,2,3,4,2,18.18452380952381,27.48690476190476
34,33,1,1,1,1,1,9,11.038293650793651,26.479761904761904
34,34,1,1,1,2,2,3,13.279960317460317,27.30238095238095
34,35,1,1,1,1,1,9,11.038293650793651,26.479761904761904
34,36,1,1,1,2,2,3,13.279960317460317,27.30238095238095
34,37,1,1,1,2,2,9,13.251190476190477,27.29642857142857
34,38,1,2,1,2,2,8,14.26388888888889,27.31904761904762
34,39,1,1,1,2,2,9,13.251190476190477,27.29642857142857
34,40,1,1,2,2,1,8,13.074404761904763,26.986904761904764
34,41,1,1,1,2,2,9,13.251190476190477,27.29642857142857
34,42,1,1,1,2,2,2,13.329563492063492,27.310714285714287
34,43,1,2,1,2,2,8,14.26388888888889,27.31904761904762
34,44,1,1,1,2,2,3,13.279960317460317,27.30238095238095
34,45,1,2,1,3,2,8,15.251587301587302,27.43452380952381
34,46,1,1,1,1,1,9,11.038293650793651,26.479761904761904
34,47,1,1,1,3,2,9,14.291666666666666,27.39047619047619
34,48,1,1,1,2,2,8,13.106746031746033,27.201190476190476
34,49,2,1,2,3,4,2,18.18452380952381,27.48690476190476
35,0,6,1,2,7,4,9,26.17718253968254,27.507142857142856
35,1,1,1,1,1,1,9,11.038293650793651,26.479761904761904
35,2,6,1,2,7,4,9,26.17718253968254,27.507142857142856
35,3,1,1,1,1,1,9,11.038293650793651,26.479761904761904
35,4,2,1,2,3,4,2,18.18452380952381,27.48690476190476
35,5,1,3,3,3,9,5,25.117261904761904,27.504761904761903
35,6,1,1,1,2,1,8,12.07718253968254,26.972619047619048
35,7,1,1,1,1,1,3,11.243253968253969,26.58214285714286
35,8,1,1,2,2,1,8,13.074404761904763,26.986904761904764
35,9,1,1,1,2,2,8,13.106746031746033,27.201190476190476
35,10,1,2,1,3,2,8,15.251587301587302,27.43452380952381
35,11,2,1,2,3,4,2,18.18452380952381,27.48690476190476
35,12,1,1,1,1,1,3,11.243253968253969,26.58214285714286
35,13,1,2,1,2,2,8,14.26388888888889,27.31904761904762
35,14,1,1,1,3,2,9,14.291666666666666,27.39047619047619
35,15,1,1,1,2,2,8,13.106746031746033,27.201190476190476
35,16,1,1,1,2,2,9,13.251190476190477,27.29642857142857
35,17,1,3,3,3,9,5,25.117261904761904,27.504761904761903
35,18,1,1,1,2,4,8,15.163690476190476,27.41190476190476
35,19,1,1,1,2,2,2,13.329563492063492,27.310714285714287
35,20,1,1,1,2,1,8,12.07718253968254,26.972619047619048
35,21,1,2,1,3,2,8,15.251587301587302,27.43452380952381
35,22,1,1,1,2,4,8,15.163690476190476,27.41190476190476
35,23,1,1,1,3,2,9,14.291666666666666,27.39047619047619
35,24,1,1,2,2,1,8,13.074404761904763,26.986904761904764
35,25,1,1,1,2,2,9,13.251190476190477,27.29642857142857
35,26,1,1,1,2,2,2,13.329563492063492,27.310714285714287
35,27,1,1,1,2,2,3,13.279960317460317,27.30238095238095
35,28,1,2,1,2,2,8,14.26388888888889,27.31904761904762
35,29,1,1,1,2,2,3,13.279960317460317,27.30238095238095
35,30,1,1,1,2,2,2,13.329563492063492,27.310714285714287
35,31,1,2,1,3,2,8,15.251587301587302,27.43452380952381
35,32,1,1,2,2,1,8,13.074404761904763,26.986904761904764
35,33,1,1,1,2,2,9,13.251190476190477,27.29642857142857
35,34,2,1,2,3,4,2,18.18452380952381,27.48690476190476
35,35,1,1,2,2,1,8,13.074404761904763,26.986904761904764
35,36,1,1,1,2,4,8,15.163690476190476,27.41190476190476
35,37,2,1,2,3,4,2,18.18452380952381,27.48690476190476
35,38,1,1,1,2,2,3,13.279960317460317,27.30238095238095
35,39,1,1,1,2,2,2,13.329563492063492,27.310714285714287
35,40,1,1,1,1,1,9,11.038293650793651,26.479761904761904
35,41,1,2,1,2,2,8,14.26388888888889,27.31904761904762
35,42,2,1,2,3,4,2,18.18452380952381,27.48690476190476
35,43,1,1,1,1,1,9,11.038293650793651,26.479761904761904
35,44,1,1,1,2,2,9,13.251190476190477,27.29642857142857
35,45,1,1,1,2,2,8,13.106746031746033,27.201190476190476
35,46,1,1,1,2,2,2,13.329563492063492,27.310714285714287
35,47,1,1,1,2,1,8,12.07718253968254,26.972619047619048
35,48,1,1,2,2,1,8,13.074404761904763,26.986904761904764
35,49,1,2,1,3,2,8,15.251587301587302,27.43452380952381
36,0,6,1,2,7,4,9,26.17718253968254,27.507142857142856
36,1,6,1,2,7,4,9,26.17718253968254,27.507142857142856
36,2,1,1,1,1,1,9,11.038293650793651,26.479761904761904
36,3,1,1,1,1,1,9,11.038293650793651,26.479761904761904
36,4,2,1,2,3,4,2,18.18452380952381,27.48690476190476
36,5,1,3,3,3,9,5,25.117261904761904,27.504761904761903
36,6,1,1,1,2,1,8,12.07718253968254,26.972619047619048
36,7,1,1,1,1,1,3,11.243253968253969,26.58214285714286
36,8,1,1,2,2,1,8,13.074404761904763,26.986904761904764
36,9,1,1,1,2,2,8,13.106746031746033,27.201190476190476
36,10,1,2,1,3,2,8,15.251587301587302,27.43452380952381
36,11,2,1,2,3,4,2,18.18452380952381,27.48690476190476
36,12,1,1,1,1,1,3,11.243253968253969,26.58214285714286
36,13,1,2,1,2,2,8,14.26388888888889,27.31904761904762
36,14,1,1,1,3,2,9,14.291666666666666,27.39047619047619
36,15,1,1,1,2,2,8,13.106746031746033,27.201190476190476
36,16,1,1,1,2,2,9,13.251190476190477,27.29642857142857
36,17,1,3,3,3,9,5,25.117261904761904,27.504761904761903
36,18,1,1,1,2,4,8,15.163690476190476,27.41190476190476
36,19,1,1,1,2,2,2,13.329563492063492,27.310714285714287
36,20,1,1,1,2,1,8,12.07718253968254,26.972619047619048
36,21,1,2,1,3,2,8,15.251587301587302,27.43452380952381
36,22,1,1,1,2,4,8,15.163690476190476,27.41190476190476
36,23,1,1,1,3,2,9,14.291666666666666,27.39047619047619
36,24,1,1,2,2,1,8,13.074404761904763,26.986904761904764
36,25,1,1,1,2,2,9,13.251190476190477,27.29642857142857
36,26,1,1,1,2,2,2,13.329563492063492,27.310714285714287
36,27,1,1,1,2,2,3,13.279960317460317,27.30238095238095
36,28,1,2,1,2,2,8,14.26388888888889,27.31904761904762
36,29,1,1,1,2,2,3,13.279960317460317,27.30238095238095
36,30,1,1,1,1,1,9,11.038293650793651,26.479761904761904
36,31,1,1,1,2,4,8,15.163690476190476,27.41190476190476
36,32,1,1,1,2,2,9,13.251190476190477,27.29642857142857
36,33,1,1,1,1,1,9,11.038293650793651,26.479761904761904
36,34,1,1,1,2,2,2,13.329563492063492,27.310714285714287
36,35,1,1,1,1,1,9,11.038293650793651,26.479761904761904
36,36,1,1,2,2,1,8,13.074404761904763,26.986904761904764
36,37,1,1,1,2,2,2,13.329563492063492,27.310714285714287
36,38,1,1,1,1,1,9,11.038293650793651,26.479761904761904
36,39,1,1,2,2,1,8,13.074404761904763,26.986904761904764
36,40,1,1,1,2,2,9,13.251190476190477,27.29642857142857
36,41,1,2,1,3,2,8,15.251587301587302,27.43452380952381
36,42,1,1,1,2,2,9,13.251190476190477,27.29642857142857
36,43,1,1,1,2,2,2,13.329563492063492,27.310714285714287
36,44,1,1,1,1,1,9,11.038293650793651,26.479761904761904
36,45,1,2,1,2,2,8,14.26388888888889,27.31904761904762
36,46,1,1,2,2,1,8,13.074404761904763,26.986904761904764
36,47,1,1,1,2,2,2,13.329563492063492,27.310714285714287
36,48,1,1,1,2,2,9,13.251190476190477,27.29642857142857
36,49,1,1,1,2,1,8,12.07718253968254,26.972619047619048
37,0,1,1,1,1,1,9,11.038293650793651,26.479761904761904
37,1,6,1,2,7,4,9,26.17718253968254,27.507142857142856
37,2,1,1,1,1,1,9,11.038293650793651,26.479761904761904
37,3,6,1,2,7,4,9,26.17718253968254,27.507142857142856
37,4,2,1,2,3,4,2,18.18452380952381,27.48690476190476
37,5,1,3,3,3,9,5,25.117261904761904,27.504761904761903
37,6,1,1,1,2,1,8,12.07718253968254,26.972619047619048
37,7,1,1,1,1,1,3,11.243253968253969,26.58214285714286
37,8,1,1,2,2,1,8,13.074404761904763,26.986904761904764
37,9,1,1,1,2,2,8,13.106746031746033,27.201190476190476
37,10,1,2,1,3,2,8,15.251587301587302,27.43452380952381
37,11,2,1,2,3,4,2,18.18452380952381,27.48690476190476
37,12,1,1,1,1,1,3,11.243253968253969,26.58214285714286
37,13,2,1,1,2,2,1,14.213492063492064,27.34642857142857
37,14,1,1,1,3,2,9,14.291666666666666,27.39047619047619
37,15,1,1,1,2,2,8,13.106746031746033,27.201190476190476
37,16,1,1,1,2,2,9,13.251190476190477,27.29642857142857
37,17,1,3,3,3,9,5,25.117261904761904,27.504761904761903
37,18,1,1,1,2,4,8,15.163690476190476,27.41190476190476
37,19,1,1,1,2,1,8,12.07718253968254,26.972619047619048
37,20,1,1,1,2,2,2,13.329563492063492,27.310714285714287
37,21,1,2,1,3,2,8,15.251587301587302,27.43452380952381
37,22,1,1,1,2,2,2,13.329563492063492,27.310714285714287
37,23,1,1,1,2,4,8,15.163690476190476,27.41190476190476
37,24,1,1,1,3,2,9,14.291666666666666,27.39047619047619
37,25,1,1,2,2,1,8,13.074404761904763,26.986904761904764
37,26,1,1,1,2,2,9,13.251190476190477,27.29642857142857
37,27,1,1,1,2,2,3,13.279960317460317,27.30238095238095
37,28,1,1,1,2,2,3,13.279960317460317,27.30238095238095
37,29,1,1,1,1,1,9,11.038293650793651,26.479761904761904
37,30,1,1,1,2,1,8,12.07718253968254,26.972619047619048
37,31,1,1,1,2,2,3,13.279960317460317,27.30238095238095
37,32,1,1,1,1,1,9,11.038293650793651,26.479761904761904
37,33,1,1,1,2,2,8,13.106746031746033,27.201190476190476
37,34,1,1,1,2,2,2,13.329563492063492,27.310714285714287
37,35,1,1,1,2,2,2,13.329563492063492,27.310714285714287
37,36,1,1,2,2,1,8,13.074404761904763,26.986904761904764
37,37,1,1,1,3,2,9,14.291666666666666,27.39047619047619
37,38,1,1,2,2,1,8,13.074404761904763,26.986904761904764
37,39,1,1,1,2,1,8,12.07718253968254,26.972619047619048
37,40,1,1,1,2,2,2,13.329563492063492,27.310714285714287
37,41,1,1,1,2,1,8,12.07718253968254,26.972619047619048
37,42,1,1,1,2,4,8,15.163690476190476,27.41190476190476
37,43,1,1,1,2,2,8,13.106746031746033,27.201190476190476
37,44,1,1,1,2,2,9,13.251190476190477,27.29642857142857
37,45,1,1,1,2,1,8,12.07718253968254,26.972619047619048
37,46,1,1,1,2,4,8,15.163690476190476,27.41190476190476
37,47,1,1,1,1,1,9,11.038293650793651,26.479761904761904
37,48,1,1,1,1,1,9,11.038293650793651,26.479761904761904
37,49,1,1,2,2,1,8,13.074404761904763,26.986904761904764
38,0,1,1,1,1,1,9,11.038293650793651,26.479761904761904
38,1,6,1,2,7,4,9,26.17718253968254,27.507142857142856
38,2,6,1,2,7,4,9,26.17718253968254,27.507142857142856
38,3,1,1,1,1,1,9,11.038293650793651,26.479761904761904
38,4,2,1,2,3,4,2,18.18452380952381,27.48690476190476
38,5,1,3,3,3,9,5,25.117261904761904,27.504761904761903
38,6,1,1,1,2,1,8,12.07718253968254,26.972619047619048
38,7,1,1,1,1,1,3,11.243253968253969,26.58214285714286
38,8,1,1,2,2,1,8,13.074404761904763,26.986904761904764
38,9,1,1,1,2,2,8,13.106746031746033,27.201190476190476
38,10,1,2,1,3,2,8,15.251587301587302,27.43452380952381
38,11,2,1,2,3,4,2,18.18452380952381,27.48690476190476
38,12,1,1,1,1,1,3,11.243253968253969,26.58214285714286
38,13,2,1,1,2,2,1,14.213492063492064,27.34642857142857
38,14,1,1,1,3,2,9,14.291666666666666,27.39047619047619
38,15,1,1,1,2,2,8,13.106746031746033,27.201190476190476
38,16,1,1,1,2,2,9,13.251190476190477,27.29642857142857
38,17,1,3,3,3,9,5,25.117261904761904,27.504761904761903
38,18,1,1,1,2,4,8,15.163690476190476,27.41190476190476
38,19,1,1,1,2,1,8,12.07718253968254,26.972619047619048
38,20,1,1,1,2,2,2,13.329563492063492,27.310714285714287
38,21,1,2,1,3,2,8,15.251587301587302,27.43452380952381
38,22,1,1,1,2,2,2,13.329563492063492,27.310714285714287
38,23,1,1,1,2,4,8,15.163690476190476,27.41190476190476
38,24,1,1,1,3,2,9,14.291666666666666,27.39047619047619
38,25,1,1,2,2,1,8,13.074404761904763,26.986904761904764
38,26,1,1,1,2,2,9,13.251190476190477,27.29642857142857
38,27,1,1,1,2,2,3,13.279960317460317,27.30238095238095
38,28,1,1,1,2,2,3,13.279960317460317,27.30238095238095
38,29,1,1,1,1,1,9,11.038293650793651,26.479761904761904
38,30,1,1,1,2,2,8,13.106746031746033,27.201190476190476
38,31,1,1,1,2,1,8,12.07718253968254,26.972619047619048
38,32,1,1,1,1,1,3,11.243253968253969,26.58214285714286
38,33,1,1,1,3,2,9,14.291666666666666,27.39047619047619
38,34,6,1,2,7,4,9,26.17718253968254,27.507142857142856
38,35,1,1,1,2,2,3,13.279960317460317,27.30238095238095
38,36,1,1,2,2,1,8,13.074404761904763,26.986904761904764
38,37,1,1,1,1,1,9,11.038293650793651,26.479761904761904
38,38,1,3,3,3,9,5,25.117261904761904,27.504761904761903
38,39,1,1,1,2,1,8,12.07718253968254,26.972619047619048
38,40,1,1,1,1,1,9,11.038293650793651,26.479761904761904
38,41,1,1,2,2,1,8,13.074404761904763,26.986904761904764
38,42,1,1,1,2,1,8,12.07718253968254,26.972619047619048
38,43,1,1,1,2,2,8,13.106746031746033,27.201190476190476
38,44,1,1,1,2,2,2,13.329563492063492,27.310714285714287
38,45,1,1,1,3,2,9,14.291666666666666,27.39047619047619
38,46,2,1,2,3,4,2,18.18452380952381,27.48690476190476
38,47,1,1,1,2,2,3,13.279960317460317,27.30238095238095
38,48,1,1,1,2,4,8,15.163690476190476,27.41190476190476
38,49,1,1,2,2,1,8,13.074404761904763,26.986904761904764
39,0,1,1,1,1,1,9,11.038293650793651,26.479761904761904
39,1,1,1,1,1,1,9,11.038293650793651,26.479761904761904
39,2,6,1,2,7,4,9,26.17718253968254,27.507142857142856
39,3,6,1,2,7,4,9,26.17718253968254,27.507142857142856
39,4,2,1,2,3,4,2,18.18452380952381,27.48690476190476
39,5,1,3,3,3,9,5,25.117261904761904,27.504761904761903
39,6,1,1,1,2,1,8,12.07718253968254,26.972619047619048
39,7,1,1,1,1,1,3,11.243253968253969,26.58214285714286
39,8,1,1,2,2,1,8,13.074404761904763,26.986904761904764
39,9,1,2,1,3,2,8,15.251587301587302,27.43452380952381
39,10,1,1,1,2,2,8,13.106746031746033,27.201190476190476
39,11,2,1,2,3,4,2,18.18452380952381,27.48690476190476
39,12,1,1,1,1,1,3,11.243253968253969,26.58214285714286
39,13,1,1,1,2,2,1,13.189880952380953,27.261904761904763
39,14,2,1,1,2,2,1,14.213492063492064,27.34642857142857
39,15,1,1,1,3,2,9,14.291666666666666,27.39047619047619
39,16,1,3,3,3,9,5,25.117261904761904,27.504761904761903
39,17,1,1,1,2,4,8,15.163690476190476,27.41190476190476
39,18,1,1,1,2,1,8,12.07718253968254,26.972619047619048
39,19,1,1,1,2,2,2,13.329563492063492,27.310714285714287
39,20,1,1,1,2,2,8,13.106746031746033,27.201190476190476
39,21,1,2,1,3,2,8,15.251587301587302,27.43452380952381
39,22,2,1,1,2,2,1,14.213492063492064,27.34642857142857
39,23,1,1,1,2,2,2,13.329563492063492,27.310714285714287
39,24,1,1,1,2,2,9,13.251190476190477,27.29642857142857
39,25,1,1,1,2,4,8,15.163690476190476,27.41190476190476
39,26,1,1,1,3,2,9,14.291666666666666,27.39047619047619
39,27,1,1,2,2,1,8,13.074404761904763,26.986904761904764
39,28,1,1,1,2,2,3,13.279960317460317,27.30238095238095
39,29,1,1,1,2,2,9,13.251190476190477,27.29642857142857
39,30,1,1,1,2,2,3,13.279960317460317,27.30238095238095
39,31,1,1,1,1,1,9,11.038293650793651,26.479761904761904
39,32,1,1,1,2,4,8,15.163690476190476,27.41190476190476
39,33,6,1,2,7,4,9,26.17718253968254,27.507142857142856
39,34,2,1,2,3,4,2,18.18452380952381,27.48690476190476
39,35,1,1,1,1,1,9,11.038293650793651,26.479761904761904
39,36,1,1,1,2,2,3,13.279960317460317,27.30238095238095
39,37,1,1,1,2,2,3,13.279960317460317,27.30238095238095
39,38,1,1,1,2,1,8,12.07718253968254,26.972619047619048
39,39,1,1,1,1,1,9,11.038293650793651,26.479761904761904
39,40,1,1,1,2,4,8,15.163690476190476,27.41190476190476
39,41,1,1,1,1,1,3,11.243253968253969,26.58214285714286
39,42,1,1,2,2,1,8,13.074404761904763,26.986904761904764
39,43,1,1,1,2,1,8,12.07718253968254,26.972619047619048
39,44,2,1,2,3,4,2,18.18452380952381,27.48690476190476
39,45,1,1,1,2,2,9,13.251190476190477,27.29642857142857
39,46,1,1,1,2,2,3,13.279960317460317,27.30238095238095
39,47,1,1,1,2,2,8,13.106746031746033,27.201190476190476
39,48,1,1,2,2,1,8,13.074404761904763,26.986904761904764
39,49,1,1,1,2,2,2,13.329563492063492,27.310714285714287
40,0,1,1,1,1,1,9,11.038293650793651,26.479761904761904
40,1,1,1,1,1,1,9,11.038293650793651,26.479761904761904
40,2,6,1,2,7,4,9,26.17718253968254,27.507142857142856
40,3,6,1,2,7,4,9,26.17718253968254,27.507142857142856
40,4,2,1,2,3,4,2,18.18452380952381,27.48690476190476
40,5,1,3,3,3,9,5,25.117261904761904,27.504761904761903
40,6,1,1,1,2,1,8,12.07718253968254,26.972619047619048
40,7,1,1,1,1,1,3,11.243253968253969,26.58214285714286
40,8,1,1,2,2,1,8,13.074404761904763,26.986904761904764
40,9,1,2,1,3,2,8,15.251587301587302,27.43452380952381
40,10,1,1,1,2,2,8,13.106746031746033,27.201190476190476
40,11,2,1,2,3,4,2,18.18452380952381,27.48690476190476
40,12,1,1,1,1,1,3,11.243253968253969,26.58214285714286
40,13,2,1,1,2,2,1,14.213492063492064,27.34642857142857
40,14,1,1,1,3,2,9,14.291666666666666,27.39047619047619
40,15,1,3,3,3,9,5,25.117261904761904,27.504761904761903
40,16,1,1,1,2,4,8,15.163690476190476,27.41190476190476
40,17,1,1,1,2,1,8,12.07718253968254,26.972619047619048
40,18,1,1,1,2,2,2,13.329563492063492,27.310714285714287
40,19,1,1,1,2,2,1,13.189880952380953,27.261904761904763
40,20,1,1,1,2,2,8,13.106746031746033,27.201190476190476
40,21,1,2,1,3,2,8,15.251587301587302,27.43452380952381
40,22,2,1,1,2,2,1,14.213492063492064,27.34642857142857
40,23,1,1,1,2,2,1,13.189880952380953,27.261904761904763
40,24,1,1,1,2,2,2,13.329563492063492,27.310714285714287
40,25,1,1,1,2,2,9,13.251190476190477,27.29642857142857
40,26,1,1,1,2,4,8,15.163690476190476,27.41190476190476
40,27,1,1,1,3,2,9,14.291666666666666,27.39047619047619
40,28,1,1,2,2,1,8,13.074404761904763,26.986904761904764
40,29,1,1,1,2,2,3,13.279960317460317,27.30238095238095
40,30,1,1,1,2,2,9,13.251190476190477,27.29642857142857
40,31,1,1,1,2,2,3,13.279960317460317,27.30238095238095
40,32,1,1,1,3,2,9,14.291666666666666,27.39047619047619
40,33,1,1,1,2,2,3,13.279960317460317,27.30238095238095
40,34,6,1,2,7,4,9,26.17718253968254,27.507142857142856
40,35,1,1,1,2,1,8,12.07718253968254,26.972619047619048
40,36,1,1,1,2,1,8,12.07718253968254,26.972619047619048
40,37,1,1,1,2,2,3,13.279960317460317,27.30238095238095
40,38,1,1,1,2,4,8,15.163690476190476,27.41190476190476
40,39,1,1,2,2,1,8,13.074404761904763,26.986904761904764
40,40,1,1,1,2,2,3,13.279960317460317,27.30238095238095
40,41,1,1,1,2,1,8,12.07718253968254,26.972619047619048
40,42,1,1,1,2,2,3,13.279960317460317,27.30238095238095
40,43,1,1,1,1,1,3,11.243253968253969,26.58214285714286
40,44,1,1,1,2,2,1,13.189880952380953,27.261904761904763
40,45,1,1,1,1,1,9,11.038293650793651,26.479761904761904
40,46,1,1,2,2,1,8,13.074404761904763,26.986904761904764
40,47,1,1,1,2,1,8,12.07718253968254,26.972619047619048
40,48,1,1,1,2,2,8,13.106746031746033,27.201190476190476
40,49,1,1,1,3,2,9,14.291666666666666,27.39047619047619
41,0,6,1,2,7,4,9,26.17718253968254,27.507142857142856
41,1,1,1,1,1,1,9,11.038293650793651,26.479761904761904
41,2,6,1,2,7,4,9,26.17718253968254,27.507142857142856
41,3,1,1,1,1,1,9,11.038293650793651,26.479761904761904
41,4,1,1,2,3,4,3,17.228373015873018,27.48690476190476
41,5,1,3,3,3,9,5,25.117261904761904,27.504761904761903
41,6,1,1,1,2,1,8,12.07718253968254,26.972619047619048
41,7,1,1,1,1,1,3,11.243253968253969,26.58214285714286
41,8,1,1,2,2,1,8,13.074404761904763,26.986904761904764
41,9,1,1,1,2,2,8,13.106746031746033,27.201190476190476
41,10,1,1,1,1,1,3,11.243253968253969,26.58214285714286
41,11,1,2,1,3,2,8,15.251587301587302,27.43452380952381
41,12,2,1,1,2,2,1,14.213492063492064,27.34642857142857
41,13,1,1,1,3,2,9,14.291666666666666,27.39047619047619
41,14,1,3,3,3,9,5,25.117261904761904,27.504761904761903
41,15,1,1,1,2,4,8,15.163690476190476,27.41190476190476
41,16,1,1,1,2,1,8,12.07718253968254,26.972619047619048
41,17,1,1,1,2,2,2,13.329563492063492,27.310714285714287
41,18,1,1,1,2,2,1,13.189880952380953,27.261904761904763
41,19,1,1,1,2,2,8,13.106746031746033,27.201190476190476
41,20,1,2,1,3,2,8,15.251587301587302,27.43452380952381
41,21,2,1,1,2,2,1,14.213492063492064,27.34642857142857
41,22,1,1,1,2,2,1,13.189880952380953,27.261904761904763
41,23,1,1,1,2,2,2,13.329563492063492,27.310714285714287
41,24,1,1,1,2,2,9,13.251190476190477,27.29642857142857
41,25,1,1,1,2,4,8,15.163690476190476,27.41190476190476
41,26,1,1,1,3,2,9,14.291666666666666,27.39047619047619
41,27,1,1,2,2,1,8,13.074404761904763,26.986904761904764
41,28,1,1,1,2,2,3,13.279960317460317,27.30238095238095
41,29,1,1,1,2,2,9,13.251190476190477,27.29642857142857
41,30,1,1,1,2,2,3,13.279960317460317,27.30238095238095
41,31,1,1,1,1,1,9,11.038293650793651,26.479761904761904
41,32,1,1,1,3,2,9,14.291666666666666,27.39047619047619
41,33,1,1,1,2,2,3,13.279960317460317,27.30238095238095
41,34,1,1,2,2,1,8,13.074404761904763,26.986904761904764
41,35,1,2,1,3,2,8,15.251587301587302,27.43452380952381
41,36,1,1,1,3,2,9,14.291666666666666,27.39047619047619
41,37,1,1,1,2,2,2,13.329563492063492,27.310714285714287
41,38,1,1,1,2,1,8,12.07718253968254,26.972619047619048
41,39,1,1,1,2,2,8,13.106746031746033,27.201190476190476
41,40,1,1,1,2,2,1,13.189880952380953,27.261904761904763
41,41,1,1,1,2,2,3,13.279960317460317,27.30238095238095
41,42,2,1,1,2,2,1,14.213492063492064,27.34642857142857
41,43,1,2,1,3,2,8,15.251587301587302,27.43452380952381
41,44,1,1,1,2,2,1,13.189880952380953,27.261904761904763
41,45,1,1,1,2,4,8,15.163690476190476,27.41190476190476
41,46,1,1,1,2,1,8,12.07718253968254,26.972619047619048
41,47,1,1,1,2,1,8,12.07718253968254,26.972619047619048
41,48,1,1,1,2,1,8,12.07718253968254,26.972619047619048
41,49,6,1,2,7,4,9,26.17718253968254,27.507142857142856
42,0,6,1,2,7,4,9,26.17718253968254,27.507142857142856
42,1,1,1,1,1,1,9,11.038293650793651,26.479761904761904
42,2,1,1,1,1,1,9,11.038293650793651,26.479761904761904
42,3,6,1,2,7,4,9,26.17718253968254,27.507142857142856
42,4,1,1,2,3,4,3,17.228373015873018,27.48690476190476
42,5,1,3,3,3,9,5,25.117261904761904,27.504761904761903
42,6,1,1,1,2,1,8,12.07718253968254,26.972619047619048
42,7,1,1,1,1,1,3,11.243253968253969,26.58214285714286
42,8,1,1,2,2,1,8,13.074404761904763,26.986904761904764
42,9,1,1,1,2,2,8,13.106746031746033,27.201190476190476
42,10,1,1,1,1,1,3,11.243253968253969,26.58214285714286
42,11,1,2,1,3,2,8,15.251587301587302,27.43452380952381
42,12,2,1,1,2,2,1,14.213492063492064,27.34642857142857
42,13,1,1,1,3,2,9,14.291666666666666,27.39047619047619
42,14,1,3,3,3,9,5,25.117261904761904,27.504761904761903
42,15,1,1,1,2,4,8,15.163690476190476,27.41190476190476
42,16,1,1,1,2,1,8,12.07718253968254,26.972619047619048
42,17,1,1,1,2,2,2,13.329563492063492,27.310714285714287
42,18,1,1,1,2,2,1,13.189880952380953,27.261904761904763
42,19,1,1,1,2,2,8,13.106746031746033,27.201190476190476
42,20,1,2,1,3,2,8,15.251587301587302,27.43452380952381
42,21,1,2,1,2,2,1,14.213492063492064,27.34642857142857
42,22,1,1,1,2,2,1,13.189880952380953,27.261904761904763
42,23,1,1,1,2,2,2,13.329563492063492,27.310714285714287
42,24,1,1,1,2,2,9,13.251190476190477,27.29642857142857
42,25,1,1,1,2,4,8,15.163690476190476,27.41190476190476
42,26,1,1,1,3,2,9,14.291666666666666,27.39047619047619
42,27,1,1,2,2,1,8,13.074404761904763,26.986904761904764
42,28,1,1,1,2,2,3,13.279960317460317,27.30238095238095
42,29,1,1,1,2,2,9,13.251190476190477,27.29642857142857
42,30,1,1,1,2,2,3,13.279960317460317,27.30238095238095
42,31,1,1,1,2,2,2,13.329563492063492,27.310714285714287
42,32,1,1,1,2,2,1,13.189880952380953,27.261904761904763
42,33,1,1,2,2,1,8,13.074404761904763,26.986904761904764
42,34,1,1,1,2,2,8,13.106746031746033,27.201190476190476
42,35,1,1,1,1,1,9,11.038293650793651,26.479761904761904
42,36,1,1,1,2,2,1,13.189880952380953,27.261904761904763
42,37,1,1,1,2,1,8,12.07718253968254,26.972619047619048
42,38,1,1,1,2,2,1,13.189880952380953,27.261904761904763
42,39,1,1,1,2,2,9,13.251190476190477,27.29642857142857
42,40,1,1,1,1,1,9,11.038293650793651,26.479761904761904
42,41,1,1,1,3,2,9,14.291666666666666,27.39047619047619
42,42,1,1,1,1,1,9,11.038293650793651,26.479761904761904
42,43,1,1,2,2,1,8,13.074404761904763,26.986904761904764
42,44,1,1,1,2,1,8,12.07718253968254,26.972619047619048
42,45,1,1,1,2,4,8,15.163690476190476,27.41190476190476
42,46,1,1,1,2,2,1,13.189880952380953,27.261904761904763
42,47,6,1,2,7,4,9,26.17718253968254,27.507142857142856
42,48,1,1,1,3,2,9,14.291666666666666,27.39047619047619
42,49,1,1,1,1,1,3,11.243253968253969,26.58214285714286
43,0,6,1,2,7,4,9,26.17718253968254,27.507142857142856
43,1,6,1,2,7,4,9,26.17718253968254,27.507142857142856
43,2,1,1,1,1,1,9,11.038293650793651,26.479761904761904
43,3,1,1,1,1,1,9,11.038293650793651,26.479761904761904
43,4,1,1,2,3,4,3,17.228373015873018,27.48690476190476
43,5,1,3,3,3,9,5,25.117261904761904,27.504761904761903
43,6,1,1,1,2,1,8,12.07718253968254,26.972619047619048
43,7,1,1,1,1,1,3,11.243253968253969,26.58214285714286
43,8,1,1,2,2,1,8,13.074404761904763,26.986904761904764
43,9,1,1,1,2,2,8,13.106746031746033,27.201190476190476
43,10,1,1,1,1,1,3,11.243253968253969,26.58214285714286
43,11,1,2,1,3,2,8,15.251587301587302,27.43452380952381
43,12,2,1,1,2,2,1,14.213492063492064,27.34642857142857
43,13,1,1,1,3,2,9,14.291666666666666,27.39047619047619
43,14,1,3,3,3,9,5,25.117261904761904,27.504761904761903
43,15,1,1,1,2,4,8,15.163690476190476,27.41190476190476
43,16,1,1,1,2,1,8,12.07718253968254,26.972619047619048
43,17,1,1,1,2,2,2,13.329563492063492,27.310714285714287
43,18,1,1,1,2,2,1,13.189880952380953,27.261904761904763
43,19,1,1,1,2,2,8,13.106746031746033,27.201190476190476
43,20,1,2,1,3,2,8,15.251587301587302,27.43452380952381
43,21,1,2,1,2,2,1,14.213492063492064,27.34642857142857
43,22,1,1,1,2,2,1,13.189880952380953,27.261904761904763
43,23,1,1,1,2,2,2,13.329563492063492,27.310714285714287
43,24,1,1,1,2,2,9,13.251190476190477,27.29642857142857
43,25,1,1,1,2,4,8,15.163690476190476,27.41190476190476
43,26,1,1,1,3,2,9,14.291666666666666,27.39047619047619
43,27,1,1,2,2,1,8,13.074404761904763,26.986904761904764
43,28,1,1,1,2,2,3,13.279960317460317,27.30238095238095
43,29,1,1,1,2,2,9,13.251190476190477,27.29642857142857
43,30,1,1,1,2,2,3,13.279960317460317,27.30238095238095
43,31,1,1,1,2,2,2,13.329563492063492,27.310714285714287
43,32,1,2,1,3,2,8,15.251587301587302,27.43452380952381
43,33,1,1,1,2,2,1,13.189880952380953,27.261904761904763
43,34,1,1,2,2,1,8,13.074404761904763,26.986904761904764
43,35,1,1,1,2,2,1,13.189880952380953,27.261904761904763
43,36,1,1,1,2,2,3,13.279960317460317,27.30238095238095
43,37,1,1,1,1,1,9,11.038293650793651,26.479761904761904
43,38,1,1,1,3,2,9,14.291666666666666,27.39047619047619
43,39,1,1,2,2,1,8,13.074404761904763,26.986904761904764
43,40,6,1,2,7,4,9,26.17718253968254,27.507142857142856
43,41,1,1,1,2,2,1,13.189880952380953,27.261904761904763
43,42,1,1,2,2,1,8,13.074404761904763,26.986904761904764
43,43,1,1,1,1,1,9,11.038293650793651,26.479761904761904
43,44,1,1,1,2,2,9,13.251190476190477,27.29642857142857
43,45,1,1,1,2,2,1,13.189880952380953,27.261904761904763
43,46,1,1,1,2,2,8,13.106746031746033,27.201190476190476
43,47,1,1,1,1,1,3,11.243253968253969,26.58214285714286
43,48,6,1,2,7,4,9,26.17718253968254,27.507142857142856
43,49,1,1,1,2,4,8,15.163690476190476,27.41190476190476
44,0,6,1,2,7,4,9,26.17718253968254,27.507142857142856
44,1,1,1,1,1,1,9,11.038293650793651,26.479761904761904
44,2,1,1,1,1,1,9,11.038293650793651,26.479761904761904
44,3,6,1,2,7,4,9,26.17718253968254,27.507142857142856
44,4,1,1,2,3,4,3,17.228373015873018,27.48690476190476
44,5,1,3,3,3,9,5,25.117261904761904,27.504761904761903
44,6,1,1,1,2,1,8,12.07718253968254,26.972619047619048
44,7,1,1,1,1,1,3,11.243253968253969,26.58214285714286
44,8,1,1,2,2,1,8,13.074404761904763,26.986904761904764
44,9,1,1,1,2,2,8,13.106746031746033,27.201190476190476
44,10,1,1,1,1,1,3,11.243253968253969,26.58214285714286
44,11,1,2,1,3,2,8,15.251587301587302,27.43452380952381
44,12,2,1,1,2,2,1,14.213492063492064,27.34642857142857
44,13,1,1,1,3,2,9,14.291666666666666,27.39047619047619
44,14,1,3,3,3,9,5,25.117261904761904,27.504761904761903
44,15,1,1,1,2,4,8,15.163690476190476,27.41190476190476
44,16,1,1,1,2,1,8,12.07718253968254,26.972619047619048
44,17,1,1,1,2,2,2,13.329563492063492,27.310714285714287
44,18,1,1,1,2,2,1,13.189880952380953,27.261904761904763
44,19,1,1,1,2,2,8,13.106746031746033,27.201190476190476
44,20,1,2,1,3,2,8,15.251587301587302,27.43452380952381
44,21,1,2,1,2,2,1,14.213492063492064,27.34642857142857
44,22,1,1,1,2,2,1,13.189880952380953,27.261904761904763
44,23,1,1,1,2,2,2,13.329563492063492,27.310714285714287
44,24,1,1,1,2,2,9,13.251190476190477,27.29642857142857
44,25,1,1,1,2,4,8,15.163690476190476,27.41190476190476
44,26,1,1,1,3,2,9,14.291666666666666,27.39047619047619
44,27,1,1,2,2,1,8,13.074404761904763,26.986904761904764
44,28,1,1,1,2,2,3,13.279960317460317,27.30238095238095
44,29,1,1,1,2,2,9,13.251190476190477,27.29642857142857
44,30,1,1,1,2,2,3,13.279960317460317,27.30238095238095
44,31,1,1,1,1,1,3,11.243253968253969,26.58214285714286
44,32,1,1,1,2,2,1,13.189880952380953,27.261904761904763
44,33,1,1,1,2,2,8,13.106746031746033,27.201190476190476
44,34,1,1,1,1,1,3,11.243253968253969,26.58214285714286
44,35,1,2,1,3,2,8,15.251587301587302,27.43452380952381
44,36,1,1,1,2,1,8,12.07718253968254,26.972619047619048
44,37,1,1,1,1,1,9,11.038293650793651,26.479761904761904
44,38,1,1,1,2,4,8,15.163690476190476,27.41190476190476
44,39,1,1,1,1,1,9,11.038293650793651,26.479761904761904
44,40,1,1,1,2,2,2,13.329563492063492,27.310714285714287
44,41,1,1,1,1,1,9,11.038293650793651,26.479761904761904
44,42,1,1,1,2,4,8,15.163690476190476,27.41190476190476
44,43,1,1,1,2,2,8,13.106746031746033,27.201190476190476
44,44,1,1,1,2,2,8,13.106746031746033,27.201190476190476
44,45,1,1,1,2,2,9,13.251190476190477,27.29642857142857
44,46,1,1,1,1,1,9,11.038293650793651,26.479761904761904
44,47,1,1,2,2,1,8,13.074404761904763,26.986904761904764
44,48,1,1,1,2,2,1,13.189880952380953,27.261904761904763
44,49,1,1,2,2,1,8,13.074404761904763,26.986904761904764
45,0,1,1,1,1,1,9,11.038293650793651,26.479761904761904
45,1,1,1,1,1,1,9,11.038293650793651,26.479761904761904
45,2,6,1,2,7,4,9,26.17718253968254,27.507142857142856
45,3,6,1,2,7,4,9,26.17718253968254,27.507142857142856
45,4,1,1,2,3,4,3,17.228373015873018,27.48690476190476
45,5,1,3,3,3,9,5,25.117261904761904,27.504761904761903
45,6,1,1,1,2,1,8,12.07718253968254,26.972619047619048
45,7,1,1,1,1,1,3,11.243253968253969,26.58214285714286
45,8,1,1,2,2,1,8,13.074404761904763,26.986904761904764
45,9,1,1,1,2,2,8,13.106746031746033,27.201190476190476
45,10,1,1,1,1,1,3,11.243253968253969,26.58214285714286
45,11,1,2,1,3,2,8,15.251587301587302,27.43452380952381
45,12,1,1,2,3,4,3,17.228373015873018,27.48690476190476
45,13,2,1,1,2,2,1,14.213492063492064,27.34642857142857
45,14,1,1,1,3,2,9,14.291666666666666,27.39047619047619
45,15,1,3,3,3,9,5,25.117261904761904,27.504761904761903
45,16,1,1,1,2,4,8,15.163690476190476,27.41190476190476
45,17,1,1,1,2,1,8,12.07718253968254,26.972619047619048
45,18,1,1,1,2,2,2,13.329563492063492,27.310714285714287
45,19,1,1,1,2,2,1,13.189880952380953,27.261904761904763
45,20,1,1,1,2,2,8,13.106746031746033,27.201190476190476
45,21,1,2,1,3,2,8,15.251587301587302,27.43452380952381
45,22,2,1,1,2,2,1,14.213492063492064,27.34642857142857
45,23,1,1,1,2,2,1,13.189880952380953,27.261904761904763
45,24,1,1,1,2,2,2,13.329563492063492,27.310714285714287
45,25,1,1,1,2,2,9,13.251190476190477,27.29642857142857
45,26,1,1,1,2,4,8,15.163690476190476,27.41190476190476
45,27,1,1,1,3,2,9,14.291666666666666,27.39047619047619
45,28,1,1,2,2,1,8,13.074404761904763,26.986904761904764
45,29,1,1,1,2,2,3,13.279960317460317,27.30238095238095
45,30,1,1,1,2,2,9,13.251190476190477,27.29642857142857
45,31,1,1,1,2,2,3,13.279960317460317,27.30238095238095
45,32,1,1,2,3,4,3,17.228373015873018,27.48690476190476
45,33,1,1,1,2,2,2,13.329563492063492,27.310714285714287
45,34,1,1,1,2,2,1,13.189880952380953,27.261904761904763
45,35,1,1,1,2,1,8,12.07718253968254,26.972619047619048
45,36,1,1,1,2,2,9,13.251190476190477,27.29642857142857
45,37,1,1,1,2,1,8,12.07718253968254,26.972619047619048
45,38,1,1,1,2,2,8,13.106746031746033,27.201190476190476
45,39,1,1,1,2,4,8,15.163690476190476,27.41190476190476
45,40,1,1,1,1,1,9,11.038293650793651,26.479761904761904
45,41,1,1,1,2,4,8,15.163690476190476,27.41190476190476
45,42,1,1,1,1,1,9,11.038293650793651,26.479761904761904
45,43,1,1,1,2,2,9,13.251190476190477,27.29642857142857
45,44,1,1,1,2,1,8,12.07718253968254,26.972619047619048
45,45,1,1,1,2,2,8,13.106746031746033,27.201190476190476
45,46,1,1,1,1,1,9,11.038293650793651,26.479761904761904
45,47,1,1,1,2,2,9,13.251190476190477,27.29642857142857
45,48,1,1,1,2,2,8,13.106746031746033,27.201190476190476
45,49,1,1,2,2,1,8,13.074404761904763,26.986904761904764
46,0,1,1,1,1,1,9,11.038293650793651,26.479761904761904
46,1,6,1,2,7,4,9,26.17718253968254,27.507142857142856
46,2,6,1,2,7,4,9,26.17718253968254,27.507142857142856
46,3,1,1,1,1,1,9,11.038293650793651,26.479761904761904
46,4,1,1,2,3,4,3,17.228373015873018,27.48690476190476
46,5,1,3,3,3,9,5,25.117261904761904,27.504761904761903
46,6,1,1,1,2,1,8,12.07718253968254,26.972619047619048
46,7,1,1,1,1,1,3,11.243253968253969,26.58214285714286
46,8,1,1,2,2,1,8,13.074404761904763,26.986904761904764
46,9,1,1,1,2,2,8,13.106746031746033,27.201190476190476
46,10,1,1,1,1,1,3,11.243253968253969,26.58214285714286
46,11,1,2,1,3,2,8,15.251587301587302,27.43452380952381
46,12,1,1,2,3,4,3,17.228373015873018,27.48690476190476
46,13,2,1,1,2,2,1,14.213492063492064,27.34642857142857
46,14,1,1,1,3,2,9,14.291666666666666,27.39047619047619
46,15,1,3,3,3,9,5,25.117261904761904,27.504761904761903
46,16,1,1,1,2,4,8,15.163690476190476,27.41190476190476
46,17,1,1,1,2,1,8,12.07718253968254,26.972619047619048
46,18,1,1,1,2,2,2,13.329563492063492,27.310714285714287
46,19,1,1,1,2,2,1,13.189880952380953,27.261904761904763
46,20,1,1,1,2,2,8,13.106746031746033,27.201190476190476
46,21,1,2,1,3,2,8,15.251587301587302,27.43452380952381
46,22,2,1,1,2,2,1,14.213492063492064,27.34642857142857
46,23,1,1,1,2,2,1,13.189880952380953,27.261904761904763
46,24,1,1,1,2,2,2,13.329563492063492,27.310714285714287
46,25,1,1,1,2,2,9,13.251190476190477,27.29642857142857
46,26,1,1,1,2,4,8,15.163690476190476,27.41190476190476
46,27,1,1,1,3,2,9,14.291666666666666,27.39047619047619
46,28,1,1,2,2,1,8,13.074404761904763,26.986904761904764
46,29,1,1,1,2,2,3,13.279960317460317,27.30238095238095
46,30,1,1,1,2,2,9,13.251190476190477,27.29642857142857
46,31,1,1,1,2,2,3,13.279960317460317,27.30238095238095
46,32,1,1,1,1,1,9,11.038293650793651,26.479761904761904
46,33,1,1,1,1,1,3,11.243253968253969,26.58214285714286
46,34,1,2,1,3,2,8,15.251587301587302,27.43452380952381
46,35,1,1,1,2,4,8,15.163690476190476,27.41190476190476
46,36,1,2,1,3,2,8,15.251587301587302,27.43452380952381
46,37,1,1,1,2,1,8,12.07718253968254,26.972619047619048
46,38,1,1,1,2,2,8,13.106746031746033,27.201190476190476
46,39,1,1,1,2,2,8,13.106746031746033,27.201190476190476
46,40,1,1,1,3,2,9,14.291666666666666,27.39047619047619
46,41,1,2,1,3,2,8,15.251587301587302,27.43452380952381
46,42,1,1,1,2,4,8,15.163690476190476,27.41190476190476
46,43,1,1,1,2,1,8,12.07718253968254,26.972619047619048
46,44,1,1,2,3,4,3,17.228373015873018,27.48690476190476
46,45,1,1,1,2,1,8,12.07718253968254,26.972619047619048
46,46,2,1,1,2,2,1,14.213492063492064,27.34642857142857
46,47,1,1,1,1,1,3,11.243253968253969,26.58214285714286
46,48,1,1,1,2,2,9,13.251190476190477,27.29642857142857
46,49,1,3,3,3,9,5,25.117261904761904,27.504761904761903
47,0,1,1,1,1,1,9,11.038293650793651,26.479761904761904
47,1,6,1,2,7,4,9,26.17718253968254,27.507142857142856
47,2,6,1,2,7,4,9,26.17718253968254,27.507142857142856
47,3,1,1,1,1,1,9,11.038293650793651,26.479761904761904
47,4,1,1,2,3,4,3,17.228373015873018,27.48690476190476
47,5,1,3,3,3,9,5,25.117261904761904,27.504761904761903
47,6,1,1,1,2,1,8,12.07718253968254,26.972619047619048
47,7,1,1,1,1,1,3,11.243253968253969,26.58214285714286
47,8,1,1,2,2,1,8,13.074404761904763,26.986904761904764
47,9,1,1,1,2,2,8,13.106746031746033,27.201190476190476
47,10,1,1,1,1,1,3,11.243253968253969,26.58214285714286
47,11,1,2,1,3,2,8,15.251587301587302,27.43452380952381
47,12,1,1,2,3,4,3,17.228373015873018,27.48690476190476
47,13,2,1,1,2,2,1,14.213492063492064,27.34642857142857
47,14,1,1,1,3,2,9,14.291666666666666,27.39047619047619
47,15,1,3,3,3,9,5,25.117261904761904,27.504761904761903
47,16,1,1,1,2,4,8,15.163690476190476,27.41190476190476
47,17,1,1,1,2,1,8,12.07718253968254,26.972619047619048
47,18,1,1,1,2,2,2,13.329563492063492,27.310714285714287
47,19,1,1,1,2,2,1,13.189880952380953,27.261904761904763
47,20,1,1,1,2,2,8,13.106746031746033,27.201190476190476
47,21,1,2,1,3,2,8,15.251587301587302,27.43452380952381
47,22,1,2,1,2,2,1,14.213492063492064,27.34642857142857
47,23,1,1,1,2,2,1,13.189880952380953,27.261904761904763
47,24,1,1,1,2,2,2,13.329563492063492,27.310714285714287
47,25,1,1,1,2,2,9,13.251190476190477,27.29642857142857
47,26,1,1,1,2,4,8,15.163690476190476,27.41190476190476
47,27,1,1,1,3,2,9,14.291666666666666,27.39047619047619
47,28,1,1,2,2,1,8,13.074404761904763,26.986904761904764
47,29,1,1,1,2,2,3,13.279960317460317,27.30238095238095
47,30,1,1,1,2,2,9,13.251190476190477,27.29642857142857
47,31,1,1,1,2,2,3,13.279960317460317,27.30238095238095
47,32,1,1,1,2,1,8,12.07718253968254,26.972619047619048
47,33,1,2,1,3,2,8,15.251587301587302,27.43452380952381
47,34,1,1,1,2,2,8,13.106746031746033,27.201190476190476
47,35,1,1,1,2,2,8,13.106746031746033,27.201190476190476
47,36,1,1,1,1,1,3,11.243253968253969,26.58214285714286
47,37,1,3,3,3,9,5,25.117261904761904,27.504761904761903
47,38,1,1,1,2,4,8,15.163690476190476,27.41190476190476
47,39,2,1,1,2,2,1,14.213492063492064,27.34642857142857
47,40,1,2,1,3,2,8,15.251587301587302,27.43452380952381
47,41,1,2,1,3,2,8,15.251587301587302,27.43452380952381
47,42,1,1,1,2,2,1,13.189880952380953,27.261904761904763
47,43,1,1,1,2,2,8,13.106746031746033,27.201190476190476
47,44,1,2,1,3,2,8,15.251587301587302,27.43452380952381
47,45,1,1,1,2,4,8,15.163690476190476,27.41190476190476
47,46,1,1,1,3,2,9,14.291666666666666,27.39047619047619
47,47,1,2,1,3,2,8,15.251587301587302,27.43452380952381
47,48,1,1,1,1,1,3,11.243253968253969,26.58214285714286
47,49,1,1,2,3,4,3,17.228373015873018,27.48690476190476
48,0,1,1,1,1,1,9,11.038293650793651,26.479761904761904
48,1,6,1,2,7,4,9,26.17718253968254,27.507142857142856
48,2,6,1,2,7,4,9,26.17718253968254,27.507142857142856
48,3,1,1,1,1,1,9,11.038293650793651,26.479761904761904
48,4,1,1,2,3,4,3,17.228373015873018,27.48690476190476
48,5,1,3,3,3,9,5,25.117261904761904,27.504761904761903
48,6,1,1,1,2,1,8,12.07718253968254,26.972619047619048
48,7,1,1,1,1,1,3,11.243253968253969,26.58214285714286
48,8,1,1,2,2,1,8,13.074404761904763,26.986904761904764
48,9,1,1,1,2,2,8,13.106746031746033,27.201190476190476
48,10,1,1,1,1,1,3,11.243253968253969,26.58214285714286
48,11,1,2,1,3,2,8,15.251587301587302,27.43452380952381
48,12,1,1,2,3,4,3,17.228373015873018,27.48690476190476
48,13,2,1,1,2,2,1,14.213492063492064,27.34642857142857
48,14,1,1,1,3,2,9,14.291666666666666,27.39047619047619
48,15,1,3,3,3,9,5,25.117261904761904,27.504761904761903
48,16,1,1,1,2,4,8,15.163690476190476,27.41190476190476
48,17,1,1,1,2,1,8,12.07718253968254,26.972619047619048
48,18,1,1,1,2,2,2,13.329563492063492,27.310714285714287
48,19,1,1,1,2,2,1,13.189880952380953,27.261904761904763
48,20,1,1,1,2,2,8,13.106746031746033,27.201190476190476
48,21,1,2,1,3,2,8,15.251587301587302,27.43452380952381
48,22,1,2,1,2,2,1,14.213492063492064,27.34642857142857
48,23,1,1,1,2,2,1,13.189880952380953,27.261904761904763
48,24,1,1,1,2,2,2,13.329563492063492,27.310714285714287
48,25,1,1,1,2,2,9,13.251190476190477,27.29642857142857
48,26,1,1,1,2,4,8,15.163690476190476,27.41190476190476
48,27,1,1,1,3,2,9,14.291666666666666,27.39047619047619
48,28,1,1,2,2,1,8,13.074404761904763,26.986904761904764
48,29,1,1,1,2,2,3,13.279960317460317,27.30238095238095
48,30,1,1,1,2,2,9,13.251190476190477,27.29642857142857
48,31,1,1,1,2,2,3,13.279960317460317,27.30238095238095
48,32,1,1,1,1,1,3,11.243253968253969,26.58214285714286
48,33,1,1,1,1,1,9,11.038293650793651,26.479761904761904
48,34,1,1,1,2,2,8,13.106746031746033,27.201190476190476
48,35,1,2,1,3,2,8,15.251587301587302,27.43452380952381
48,36,1,1,1,2,2,8,13.106746031746033,27.201190476190476
48,37,1,1,1,2,2,2,13.329563492063492,27.310714285714287
48,38,1,2,1,3,2,8,15.251587301587302,27.43452380952381
48,39,1,1,1,2,4,8,15.163690476190476,27.41190476190476
48,40,1,2,1,3,2,8,15.251587301587302,27.43452380952381
48,41,1,1,1,2,2,8,13.106746031746033,27.201190476190476
48,42,1,1,1,2,2,2,13.329563492063492,27.310714285714287
48,43,1,1,1,2,1,8,12.07718253968254,26.972619047619048
48,44,2,1,1,2,2,1,14.213492063492064,27.34642857142857
48,45,1,1,1,2,2,8,13.106746031746033,27.201190476190476
48,46,1,1,1,2,2,8,13.106746031746033,27.201190476190476
48,47,1,1,2,3,4,3,17.228373015873018,27.48690476190476
48,48,1,2,1,3,2,8,15.251587301587302,27.43452380952381
48,49,1,2,1,3,2,8,15.251587301587302,27.43452380952381
49,0,1,1,1,1,1,9,11.038293650793651,26.479761904761904
49,1,1,1,1,1,1,9,11.038293650793651,26.479761904761904
49,2,6,1,2,7,4,9,26.17718253968254,27.507142857142856
49,3,6,1,2,7,4,9,26.17718253968254,27.507142857142856
49,4,1,1,2,3,4,3,17.228373015873018,27.48690476190476
49,5,1,3,3,3,9,5,25.117261904761904,27.504761904761903
49,6,1,1,1,2,1,8,12.07718253968254,26.972619047619048
49,7,1,1,1,1,1,3,11.243253968253969,26.58214285714286
49,8,1,1,2,2,1,8,13.074404761904763,26.986904761904764
49,9,1,1,1,2,2,8,13.106746031746033,27.201190476190476
49,10,1,1,1,1,1,3,11.243253968253969,26.58214285714286
49,11,1,2,1,3,2,8,15.251587301587302,27.43452380952381
49,12,1,1,2,3,4,3,17.228373015873018,27.48690476190476
49,13,2,1,1,2,2,1,14.213492063492064,27.34642857142857
49,14,1,1,1,3,2,9,14.291666666666666,27.39047619047619
49,15,1,3,3,3,9,5,25.117261904761904,27.504761904761903
49,16,1,1,1,2,4,8,15.163690476190476,27.41190476190476
49,17,1,1,1,2,1,8,12.07718253968254,26.972619047619048
49,18,1,1,1,2,2,2,13.329563492063492,27.310714285714287
49,19,1,1,1,2,2,1,13.189880952380953,27.261904761904763
49,20,1,1,1,2,2,8,13.106746031746033,27.201190476190476
49,21,1,2,1,3,2,8,15.251587301587302,27.43452380952381
49,22,1,2,1,2,2,1,14.213492063492064,27.34642857142857
49,23,1,1,1,2,2,1,13.189880952380953,27.261904761904763
49,24,1,1,1,2,2,2,13.329563492063492,27.310714285714287
49,25,1,1,1,2,2,9,13.251190476190477,27.29642857142857
49,26,1,1,1,2,4,8,15.163690476190476,27.41190476190476
49,27,1,1,1,3,2,9,14.291666666666666,27.39047619047619
49,28,1,1,2,2,1,8,13.074404761904763,26.986904761904764
49,29,1,1,1,2,2,3,13.279960317460317,27.30238095238095
49,30,1,1,1,2,2,9,13.251190476190477,27.29642857142857
49,31,1,1,1,2,2,3,13.279960317460317,27.30238095238095
49,32,1,1,1,2,2,8,13.106746031746033,27.201190476190476
49,33,1,1,1,3,2,9,14.291666666666666,27.39047619047619
49,34,1,1,2,3,4,3,17.228373015873018,27.48690476190476
49,35,1,1,1,2,2,1,13.189880952380953,27.261904761904763
49,36,1,1,1,2,2,8,13.106746031746033,27.201190476190476
49,37,1,1,2,3,4,3,17.228373015873018,27.48690476190476
49,38,1,1,1,2,2,3,13.279960317460317,27.30238095238095
49,39,1,1,1,1,1,3,11.243253968253969,26.58214285714286
49,40,2,1,1,2,2,1,14.213492063492064,27.34642857142857
49,41,1,1,1,2,4,8,15.163690476190476,27.41190476190476
49,42,1,1,1,2,1,8,12.07718253968254,26.972619047619048
49,43,1,2,1,3,2,8,15.251587301587302,27.43452380952381
49,44,1,2,1,3,2,8,15.251587301587302,27.43452380952381
49,45,1,2,1,3,2,8,15.251587301587302,27.43452380952381
49,46,1,1,1,2,4,8,15.163690476190476,27.41190476190476
49,47,1,1,1,2,2,8,13.106746031746033,27.201190476190476
49,48,1,2,1,3,2,8,15.251587301587302,27.43452380952381
49,49,1,1,1,1,1,9,11.038293650793651,26.479761904761904
