generation,individual_index,post_loading_buffer_capacity,post_conveyor_buffer_capacity,post_washing_buffer_capacity,pre_press1_buffer_capacity,pre_press2_buffer_capacity,post_press12_buffer_capacity,throughput,energy consumption per part
0,0,7,4,10,5,3,4,27.51547619047619,0.4506600303041229
0,1,6,1,8,5,7,8,27.420238095238094,0.45022105431093606
0,2,6,6,9,3,10,5,27.33214285714286,0.4507614159675397
0,3,9,4,7,6,3,6,27.348809523809525,0.45116807776596035
0,4,10,2,8,4,5,1,27.436904761904763,0.45182990760352487
0,5,4,10,2,3,5,8,27.373809523809523,0.45166026241210366
0,6,5,4,2,3,4,5,27.26309523809524,0.4510594404387156
0,7,10,3,7,8,5,6,27.342857142857145,0.4513949706106265
0,8,1,1,6,9,6,4,27.40357142857143,0.4518654299852112
0,9,1,9,1,4,4,6,27.39047619047619,0.45220546306644654
0,10,10,4,9,8,3,5,27.33452380952381,0.45147510386210066
0,11,3,10,2,3,4,5,27.317857142857143,0.45206715261062563
0,12,5,3,6,3,10,1,27.33452380952381,0.45250460106848334
0,13,9,3,1,3,7,2,27.36190476190476,0.4526260138695059
0,14,6,8,8,5,2,7,27.30357142857143,0.4528919547820464
0,15,4,6,6,3,8,6,27.294047619047618,0.4527893316688527
0,16,3,4,6,4,4,5,27.208333333333332,0.4523707290644874
0,17,1,2,3,9,10,9,27.26309523809524,0.45304327592731886
0,18,6,9,7,10,2,6,27.302380952380954,0.4532111063981131
0,19,3,1,2,9,3,9,27.241666666666667,0.45386690326806745
0,20,8,1,4,2,2,7,27.292857142857144,0.45435668888686664
0,21,9,6,1,2,3,9,27.21547619047619,0.4533303838851156
0,22,6,2,1,2,7,3,27.179761904761904,0.4541006856460406
0,23,4,3,2,9,2,9,27.211904761904762,0.45435185449248033
0,24,3,9,6,3,7,4,27.188095238095237,0.45450052538926844
0,25,8,2,4,3,3,1,27.18095238095238,0.454715672668262
0,26,10,1,10,1,5,4,27.114285714285714,0.4551412047087632
0,27,3,4,1,6,7,1,27.12142857142857,0.456480974972258
0,28,1,3,10,10,1,9,27.060714285714287,0.45612657473020973
0,29,1,6,10,3,1,7,27.029761904761905,0.4556236944918232
0,30,9,10,3,6,1,3,27.01547619047619,0.4561058913345678
0,31,9,4,10,4,1,10,26.90595238095238,0.4567932854622073
0,32,9,8,6,1,6,10,26.807142857142857,0.46004328764765673
0,33,5,6,5,1,1,1,26.745238095238097,0.4594412996237944
0,34,3,10,10,1,1,3,26.483333333333334,0.4610715086175358
1,0,7,4,10,5,3,4,27.51547619047619,0.4506600303041229
1,1,6,1,8,5,7,8,27.420238095238094,0.45022105431093606
1,2,10,2,8,3,2,1,27.446428571428573,0.45030408612910666
1,3,6,6,9,3,10,5,27.33214285714286,0.4507614159675397
1,4,10,2,8,4,5,1,27.436904761904763,0.45182990760352487
1,5,5,2,2,5,9,7,27.398809523809526,0.4508848970424685
1,6,9,4,7,6,3,6,27.348809523809525,0.45116807776596035
1,7,5,4,2,3,4,5,27.26309523809524,0.4510594404387156
1,8,1,1,6,9,6,4,27.40357142857143,0.4518654299852112
1,9,3,1,2,9,3,5,27.396428571428572,0.45166398332169927
1,10,9,2,1,3,7,2,27.377380952380953,0.45150304681890985
1,11,4,10,2,3,5,8,27.373809523809523,0.45166026241210366
1,12,10,3,7,8,5,6,27.342857142857145,0.4513949706106265
1,13,1,9,1,4,4,6,27.39047619047619,0.45220546306644654
1,14,6,1,1,2,6,3,27.391666666666666,0.4523372298160341
1,15,2,4,6,4,4,8,27.386904761904763,0.451923301527913
1,16,10,4,9,8,3,5,27.33452380952381,0.45147510386210066
1,17,4,6,2,3,4,6,27.34642857142857,0.45203864492863977
1,18,1,4,1,4,3,6,27.377380952380953,0.4523905765537262
1,19,3,10,2,3,4,5,27.317857142857143,0.45206715261062563
1,20,5,3,6,3,10,1,27.33452380952381,0.45250460106848334
1,21,9,3,1,3,7,2,27.36190476190476,0.4526260138695059
1,22,5,1,6,3,9,4,27.33452380952381,0.45250460106848334
1,23,5,1,7,3,7,3,27.302380952380954,0.4517784551946438
1,24,3,9,6,5,7,8,27.266666666666666,0.4522720497660203
1,25,7,6,9,5,3,4,27.28571428571429,0.4525850445308063
1,26,6,9,7,9,2,6,27.292857142857144,0.4526070619322527
1,27,9,3,7,6,2,6,27.345238095238095,0.4528086044863441
1,28,3,10,2,3,5,5,27.34285714285714,0.4527679747682178
1,29,4,3,6,3,7,4,27.28095238095238,0.45248142745477354
1,30,7,4,6,5,3,1,27.242857142857144,0.4522320360553033
1,31,6,8,8,5,2,7,27.30357142857143,0.4528919547820464
1,32,4,6,6,3,8,6,27.294047619047618,0.4527893316688527
1,33,3,4,6,4,4,5,27.208333333333332,0.4523707290644874
1,34,5,4,9,3,4,5,27.24047619047619,0.45239731000508115
1,35,9,3,8,2,3,2,27.277380952380952,0.4526384105644565
1,36,2,1,1,9,2,9,27.288095238095238,0.45272155016817195
1,37,1,1,3,9,10,8,27.311904761904763,0.4531853411225165
1,38,8,4,1,8,6,5,27.31904761904762,0.45405576189757924
1,39,6,9,7,10,2,6,27.302380952380954,0.4532111063981131
1,40,3,4,6,4,2,5,27.30238095238095,0.4530254792547001
1,41,1,7,8,9,2,9,27.304761904761904,0.4533129314601756
1,42,3,1,1,9,3,9,27.228571428571428,0.4528753742358954
1,43,1,2,3,9,10,9,27.26309523809524,0.45304327592731886
1,44,3,9,6,3,6,4,27.297619047619047,0.4537031039335814
1,45,5,2,9,2,7,4,27.292857142857144,0.4532504179673555
1,46,4,9,9,3,5,8,27.289285714285715,0.4536437315018844
1,47,6,6,9,3,9,5,27.289285714285715,0.4536437315018844
1,48,6,1,8,5,7,7,27.26309523809524,0.4530836856329394
1,49,9,4,1,8,2,3,27.292857142857144,0.4537279273216305
2,0,7,4,10,5,3,4,27.51547619047619,0.4506600303041229
2,1,6,1,8,5,7,8,27.420238095238094,0.45022105431093606
2,2,10,2,8,3,2,1,27.446428571428573,0.45030408612910666
2,3,10,2,8,4,5,1,27.436904761904763,0.45182990760352487
2,4,1,4,7,9,2,9,27.432142857142857,0.45175134693107977
2,5,7,4,6,4,4,8,27.429761904761904,0.45071483936645856
2,6,3,1,2,2,6,4,27.414285714285715,0.45031958265735955
2,7,9,3,7,3,2,6,27.39761904761905,0.4504782225750444
2,8,2,6,6,4,4,8,27.436904761904763,0.45183399253144424
2,9,6,3,8,5,7,1,27.42142857142857,0.4507756864187453
2,10,6,6,9,3,10,5,27.33214285714286,0.4507614159675397
2,11,5,2,2,5,9,7,27.398809523809526,0.4508848970424685
2,12,5,2,9,5,9,3,27.40714285714286,0.45113877930985424
2,13,5,2,2,5,8,7,27.364285714285714,0.4508669899101074
2,14,5,2,2,5,9,7,27.398809523809526,0.4508848970424685
2,15,1,1,6,9,6,4,27.40357142857143,0.4518654299852112
2,16,3,1,2,9,3,5,27.396428571428572,0.45166398332169927
2,17,5,1,6,9,6,4,27.370238095238097,0.4510083939396288
2,18,4,1,7,3,4,5,27.392857142857142,0.4511121801962726
2,19,9,4,7,6,3,6,27.348809523809525,0.45116807776596035
2,20,5,4,2,3,4,5,27.26309523809524,0.4510594404387156
2,21,9,2,1,3,7,2,27.377380952380953,0.45150304681890985
2,22,1,9,1,4,4,6,27.39047619047619,0.45220546306644654
2,23,6,1,1,2,6,3,27.391666666666666,0.4523372298160341
2,24,2,4,6,4,4,8,27.386904761904763,0.451923301527913
2,25,4,10,2,3,5,8,27.373809523809523,0.45166026241210366
2,26,10,3,7,8,5,6,27.342857142857145,0.4513949706106265
2,27,9,3,1,8,6,2,27.336904761904762,0.4513519473624011
2,28,7,4,1,2,6,4,27.38095238095238,0.45220795243075157
2,29,3,6,1,3,8,4,27.382142857142856,0.452235728342629
2,30,10,4,9,8,3,5,27.33452380952381,0.45147510386210066
2,31,4,6,2,3,4,6,27.34642857142857,0.45203864492863977
2,32,1,4,1,4,3,6,27.377380952380953,0.4523905765537262
2,33,9,6,6,6,2,6,27.345238095238095,0.45186233201573134
2,34,3,10,2,3,4,5,27.317857142857143,0.45206715261062563
2,35,5,3,6,3,10,1,27.33452380952381,0.45250460106848334
2,36,9,3,1,3,7,2,27.36190476190476,0.4526260138695059
2,37,5,1,6,3,9,4,27.33452380952381,0.45250460106848334
2,38,5,1,7,3,7,3,27.302380952380954,0.4517784551946438
2,39,9,3,7,6,2,6,27.345238095238095,0.4528086044863441
2,40,3,10,2,3,5,5,27.34285714285714,0.4527679747682178
2,41,3,9,2,3,6,2,27.316666666666666,0.45220767717414406
2,42,7,4,6,5,3,1,27.242857142857144,0.4522320360553033
2,43,9,2,8,3,5,1,27.32857142857143,0.4530753996215214
2,44,10,2,8,5,2,1,27.310714285714287,0.45262257995067207
2,45,3,9,6,5,6,3,27.327380952380953,0.4529401821035325
2,46,3,9,6,5,7,8,27.266666666666666,0.4522720497660203
2,47,6,9,7,9,2,6,27.292857142857144,0.4526070619322527
2,48,4,3,6,3,7,4,27.28095238095238,0.45248142745477354
2,49,5,3,6,3,9,1,27.28095238095238,0.45248142745477354
3,0,7,4,10,5,3,4,27.51547619047619,0.4506600303041229
3,1,10,2,8,3,2,1,27.446428571428573,0.45030408612910666
3,2,1,2,8,3,2,3,27.432142857142857,0.44977849706077655
3,3,9,3,1,4,6,2,27.475,0.45052774496498316
3,4,6,1,8,5,7,8,27.420238095238094,0.45022105431093606
3,5,7,4,6,4,4,8,27.429761904761904,0.45071483936645856
3,6,2,1,6,4,4,8,27.45,0.45111750565894565
3,7,7,4,6,4,4,8,27.429761904761904,0.45071483936645856
3,8,10,2,8,4,5,1,27.436904761904763,0.45182990760352487
3,9,1,4,7,9,2,9,27.432142857142857,0.45175134693107977
3,10,3,1,2,2,6,4,27.414285714285715,0.45031958265735955
3,11,6,3,8,5,7,1,27.42142857142857,0.4507756864187453
3,12,1,9,1,4,3,6,27.425,0.4510362466029946
3,13,2,6,6,4,4,8,27.436904761904763,0.45183399253144424
3,14,5,2,9,5,9,3,27.40714285714286,0.45113877930985424
3,15,5,2,7,4,4,3,27.422619047619047,0.4515639092941181
3,16,2,6,6,4,4,8,27.436904761904763,0.45183399253144424
3,17,6,3,8,4,6,8,27.401190476190475,0.45042546607610084
3,18,9,3,7,3,2,6,27.39761904761905,0.4504782225750444
3,19,5,2,2,5,9,7,27.398809523809526,0.4508848970424685
3,20,5,2,2,5,9,7,27.398809523809526,0.4508848970424685
3,21,5,1,6,9,6,6,27.40714285714286,0.45114275515774793
3,22,5,2,2,5,8,7,27.364285714285714,0.4508669899101074
3,23,5,1,6,9,6,4,27.370238095238097,0.4510083939396288
3,24,4,1,7,3,4,5,27.392857142857142,0.4511121801962726
3,25,5,2,2,9,8,7,27.40714285714286,0.45115648555068916
3,26,2,6,1,4,4,6,27.358333333333334,0.4505317870797415
3,27,4,1,7,3,4,5,27.392857142857142,0.4511121801962726
3,28,4,2,2,5,9,7,27.364285714285714,0.4508669899101074
3,29,4,2,2,5,9,7,27.364285714285714,0.4508669899101074
3,30,6,6,9,3,10,5,27.33214285714286,0.4507614159675397
3,31,1,1,6,9,6,4,27.40357142857143,0.4518654299852112
3,32,3,1,2,9,3,5,27.396428571428572,0.45166398332169927
3,33,9,4,7,6,3,6,27.348809523809525,0.45116807776596035
3,34,9,2,1,3,7,2,27.377380952380953,0.45150304681890985
3,35,5,4,2,3,4,5,27.26309523809524,0.4510594404387156
3,36,4,10,2,3,5,8,27.373809523809523,0.45166026241210366
3,37,10,3,7,8,5,6,27.342857142857145,0.4513949706106265
3,38,9,3,1,8,6,2,27.336904761904762,0.4513519473624011
3,39,9,3,7,3,2,5,27.33095238095238,0.45115501983789036
3,40,1,3,6,9,5,3,27.40357142857143,0.45186635466102965
3,41,10,4,9,8,3,5,27.33452380952381,0.45147510386210066
3,42,9,6,6,6,2,6,27.345238095238095,0.45186233201573134
3,43,4,1,7,6,4,5,27.40357142857143,0.4519162558028899
3,44,1,9,1,4,4,6,27.39047619047619,0.45220546306644654
3,45,6,1,1,2,6,3,27.391666666666666,0.4523372298160341
3,46,2,4,6,4,4,8,27.386904761904763,0.451923301527913
3,47,5,1,7,3,7,3,27.302380952380954,0.4517784551946438
3,48,2,4,6,4,4,8,27.386904761904763,0.451923301527913
3,49,6,1,8,5,7,1,27.383333333333333,0.4521012973713726
4,0,7,4,10,5,3,4,27.51547619047619,0.4506600303041229
4,1,10,2,8,3,2,1,27.446428571428573,0.45030408612910666
4,2,1,2,8,3,2,3,27.432142857142857,0.44977849706077655
4,3,9,3,1,4,6,2,27.475,0.45052774496498316
4,4,9,3,1,4,6,2,27.475,0.45052774496498316
4,5,6,1,8,5,7,8,27.420238095238094,0.45022105431093606
4,6,7,1,6,8,4,7,27.457142857142856,0.4506006759099803
4,7,3,1,2,2,6,4,27.414285714285715,0.45031958265735955
4,8,7,1,7,6,4,8,27.457142857142856,0.45061503767385896
4,9,7,4,6,4,4,8,27.429761904761904,0.45071483936645856
4,10,2,1,6,4,4,8,27.45,0.45111750565894565
4,11,7,4,6,4,4,8,27.429761904761904,0.45071483936645856
4,12,6,3,8,4,6,8,27.401190476190475,0.45042546607610084
4,13,10,2,8,4,5,1,27.436904761904763,0.45182990760352487
4,14,6,3,8,5,7,1,27.42142857142857,0.4507756864187453
4,15,1,9,1,4,3,6,27.425,0.4510362466029946
4,16,9,3,7,3,2,6,27.39761904761905,0.4504782225750444
4,17,1,1,6,4,4,8,27.43452380952381,0.4516967707087083
4,18,1,4,7,9,2,9,27.432142857142857,0.45175134693107977
4,19,2,6,6,4,4,8,27.436904761904763,0.45183399253144424
4,20,2,6,6,4,4,8,27.436904761904763,0.45183399253144424
4,21,2,6,1,4,4,6,27.358333333333334,0.4505317870797415
4,22,1,3,9,9,5,3,27.42142857142857,0.4507772444845395
4,23,5,3,6,4,6,6,27.436904761904763,0.45183399253144424
4,24,2,6,6,4,4,8,27.436904761904763,0.45183399253144424
4,25,4,1,7,4,4,5,27.422619047619047,0.4515638061758557
4,26,5,2,9,5,9,3,27.40714285714286,0.45113877930985424
4,27,5,2,7,4,4,3,27.422619047619047,0.4515639092941181
4,28,5,2,2,5,9,7,27.398809523809526,0.4508848970424685
4,29,5,2,2,5,9,7,27.398809523809526,0.4508848970424685
4,30,5,2,2,5,8,7,27.364285714285714,0.4508669899101074
4,31,4,2,2,5,9,7,27.364285714285714,0.4508669899101074
4,32,4,2,2,5,9,7,27.364285714285714,0.4508669899101074
4,33,6,6,9,3,10,5,27.33214285714286,0.4507614159675397
4,34,5,2,7,4,4,3,27.422619047619047,0.4515639092941181
4,35,5,1,6,9,6,6,27.40714285714286,0.45114275515774793
4,36,5,1,6,9,6,4,27.370238095238097,0.4510083939396288
4,37,4,1,7,3,4,5,27.392857142857142,0.4511121801962726
4,38,4,1,7,3,4,5,27.392857142857142,0.4511121801962726
4,39,5,1,6,9,6,6,27.40714285714286,0.45114275515774793
4,40,5,1,6,9,6,4,27.370238095238097,0.4510083939396288
4,41,5,2,2,9,8,7,27.40714285714286,0.45115648555068916
4,42,5,4,2,3,4,5,27.26309523809524,0.4510594404387156
4,43,9,3,7,3,2,5,27.33095238095238,0.45115501983789036
4,44,9,2,7,3,2,6,27.33095238095238,0.45115501983789036
4,45,5,2,2,9,8,7,27.40714285714286,0.45115648555068916
4,46,1,1,6,9,6,4,27.40357142857143,0.4518654299852112
4,47,3,1,2,9,3,5,27.396428571428572,0.45166398332169927
4,48,9,4,7,6,3,6,27.348809523809525,0.45116807776596035
4,49,6,3,6,4,6,8,27.379761904761907,0.45125701896306564
5,0,7,4,10,5,3,4,27.51547619047619,0.4506600303041229
5,1,10,2,8,3,2,1,27.446428571428573,0.45030408612910666
5,2,1,2,8,3,2,3,27.432142857142857,0.44977849706077655
5,3,9,3,1,4,6,2,27.475,0.45052774496498316
5,4,9,3,1,4,6,2,27.475,0.45052774496498316
5,5,1,2,8,3,2,3,27.432142857142857,0.44977849706077655
5,6,10,2,8,3,2,1,27.446428571428573,0.45030408612910666
5,7,7,4,10,5,3,4,27.51547619047619,0.4506600303041229
5,8,7,1,6,8,4,7,27.457142857142856,0.4506006759099803
5,9,5,3,6,9,6,6,27.420238095238094,0.4502015577245734
5,10,6,1,8,5,7,8,27.420238095238094,0.45022105431093606
5,11,7,1,7,6,4,8,27.457142857142856,0.45061503767385896
5,12,7,1,7,6,4,8,27.457142857142856,0.45061503767385896
5,13,3,1,2,2,6,4,27.414285714285715,0.45031958265735955
5,14,7,4,6,4,4,8,27.429761904761904,0.45071483936645856
5,15,2,1,6,4,4,8,27.45,0.45111750565894565
5,16,7,4,6,4,4,8,27.429761904761904,0.45071483936645856
5,17,2,1,6,4,4,8,27.45,0.45111750565894565
5,18,1,6,7,5,4,8,27.41904761904762,0.4503593229420705
5,19,6,3,8,4,6,8,27.401190476190475,0.45042546607610084
5,20,6,3,8,5,7,1,27.42142857142857,0.4507756864187453
5,21,1,9,1,4,3,6,27.425,0.4510362466029946
5,22,2,1,6,4,6,6,27.44642857142857,0.45117749972029947
5,23,10,2,8,4,5,1,27.436904761904763,0.45182990760352487
5,24,9,3,7,3,2,6,27.39761904761905,0.4504782225750444
5,25,1,1,6,4,4,8,27.43452380952381,0.4516967707087083
5,26,1,3,9,9,5,3,27.42142857142857,0.4507772444845395
5,27,4,1,7,4,4,5,27.422619047619047,0.4515638061758557
5,28,1,1,6,4,4,8,27.43452380952381,0.4516967707087083
5,29,5,6,6,8,4,8,27.442857142857143,0.4522045260141213
5,30,1,4,7,9,2,9,27.432142857142857,0.45175134693107977
5,31,2,6,6,4,4,8,27.436904761904763,0.45183399253144424
5,32,2,6,6,4,4,8,27.436904761904763,0.45183399253144424
5,33,2,6,1,4,4,6,27.358333333333334,0.4505317870797415
5,34,5,3,6,4,6,6,27.436904761904763,0.45183399253144424
5,35,2,6,6,4,4,8,27.436904761904763,0.45183399253144424
5,36,5,2,7,4,4,3,27.422619047619047,0.4515639092941181
5,37,5,2,2,5,9,7,27.398809523809526,0.4508848970424685
5,38,5,2,2,5,9,7,27.398809523809526,0.4508848970424685
5,39,5,2,2,5,8,7,27.364285714285714,0.4508669899101074
5,40,4,2,2,5,9,7,27.364285714285714,0.4508669899101074
5,41,4,2,2,5,9,7,27.364285714285714,0.4508669899101074
5,42,5,2,7,4,4,3,27.422619047619047,0.4515639092941181
5,43,5,1,5,4,4,6,27.420238095238094,0.45150506596942824
5,44,1,7,6,4,4,8,27.436904761904763,0.45183399253144424
5,45,1,3,9,9,5,6,27.40714285714286,0.4511383608628317
5,46,5,2,9,5,9,3,27.40714285714286,0.45113877930985424
5,47,6,6,9,3,10,5,27.33214285714286,0.4507614159675397
5,48,5,2,9,5,9,3,27.40714285714286,0.45113877930985424
5,49,5,1,6,9,6,4,27.370238095238097,0.4510083939396288
6,0,7,4,10,5,3,4,27.51547619047619,0.4506600303041229
6,1,10,2,8,3,2,1,27.446428571428573,0.45030408612910666
6,2,1,2,8,3,2,3,27.432142857142857,0.44977849706077655
6,3,9,3,1,4,6,2,27.475,0.45052774496498316
6,4,9,3,1,4,6,2,27.475,0.45052774496498316
6,5,1,2,8,3,2,3,27.432142857142857,0.44977849706077655
6,6,10,2,8,3,2,1,27.446428571428573,0.45030408612910666
6,7,7,4,10,5,3,4,27.51547619047619,0.4506600303041229
6,8,7,4,10,5,3,4,27.51547619047619,0.4506600303041229
6,9,1,2,8,3,2,3,27.432142857142857,0.44977849706077655
6,10,1,2,8,3,2,3,27.432142857142857,0.44977849706077655
6,11,9,1,8,6,3,8,27.395238095238096,0.4491771829501502
6,12,7,1,6,8,4,7,27.457142857142856,0.4506006759099803
6,13,5,3,6,9,6,6,27.420238095238094,0.4502015577245734
6,14,1,6,6,8,4,8,27.457142857142856,0.4506006759099803
6,15,6,1,8,5,7,8,27.420238095238094,0.45022105431093606
6,16,7,1,7,6,4,8,27.457142857142856,0.45061503767385896
6,17,7,1,7,6,4,8,27.457142857142856,0.45061503767385896
6,18,3,1,1,3,6,4,27.447619047619046,0.4506109899737713
6,19,3,1,2,2,6,4,27.414285714285715,0.45031958265735955
6,20,7,4,6,4,4,8,27.429761904761904,0.45071483936645856
6,21,2,1,6,4,4,8,27.45,0.45111750565894565
6,22,7,4,6,4,4,8,27.429761904761904,0.45071483936645856
6,23,2,1,6,4,4,8,27.45,0.45111750565894565
6,24,1,6,7,5,4,8,27.41904761904762,0.4503593229420705
6,25,7,1,7,5,4,7,27.41904761904762,0.4503593229420705
6,26,7,4,6,4,4,8,27.429761904761904,0.45071483936645856
6,27,1,9,1,4,3,6,27.425,0.4510362466029946
6,28,2,1,6,4,6,6,27.44642857142857,0.45117749972029947
6,29,7,1,10,5,4,4,27.41904761904762,0.4503608861770597
6,30,1,1,9,9,6,4,27.42142857142857,0.4507481049938135
6,31,2,1,6,4,6,6,27.44642857142857,0.45117749972029947
6,32,6,3,8,4,6,8,27.401190476190475,0.45042546607610084
6,33,6,3,8,5,7,1,27.42142857142857,0.4507756864187453
6,34,10,2,8,4,5,1,27.436904761904763,0.45182990760352487
6,35,1,1,6,4,4,8,27.43452380952381,0.4516967707087083
6,36,4,1,7,4,4,5,27.422619047619047,0.4515638061758557
6,37,1,1,6,4,4,8,27.43452380952381,0.4516967707087083
6,38,5,6,6,8,4,8,27.442857142857143,0.4522045260141213
6,39,9,3,7,3,2,6,27.39761904761905,0.4504782225750444
6,40,1,3,9,9,5,3,27.42142857142857,0.4507772444845395
6,41,1,4,7,9,2,9,27.432142857142857,0.45175134693107977
6,42,2,6,6,4,4,8,27.436904761904763,0.45183399253144424
6,43,2,6,6,4,4,8,27.436904761904763,0.45183399253144424
6,44,5,3,6,4,6,6,27.436904761904763,0.45183399253144424
6,45,2,6,6,4,4,8,27.436904761904763,0.45183399253144424
6,46,5,2,7,4,4,3,27.422619047619047,0.4515639092941181
6,47,5,2,7,4,4,3,27.422619047619047,0.4515639092941181
6,48,1,7,6,4,4,8,27.436904761904763,0.45183399253144424
6,49,7,3,9,9,6,3,27.433333333333334,0.4524516436760464
7,0,9,1,8,6,3,8,27.395238095238096,0.4491771829501502
7,1,9,1,1,4,4,8,27.517857142857142,0.449663254788134
7,2,9,1,8,6,3,8,27.395238095238096,0.4491771829501502
7,3,7,4,10,5,3,4,27.51547619047619,0.4506600303041229
7,4,10,2,8,3,2,1,27.446428571428573,0.45030408612910666
7,5,1,2,8,3,2,3,27.432142857142857,0.44977849706077655
7,6,9,3,1,4,6,2,27.475,0.45052774496498316
7,7,9,3,1,4,6,2,27.475,0.45052774496498316
7,8,1,2,8,3,2,3,27.432142857142857,0.44977849706077655
7,9,10,2,8,3,2,1,27.446428571428573,0.45030408612910666
7,10,7,4,10,5,3,4,27.51547619047619,0.4506600303041229
7,11,7,4,10,5,3,4,27.51547619047619,0.4506600303041229
7,12,1,2,8,3,2,3,27.432142857142857,0.44977849706077655
7,13,1,2,8,3,2,3,27.432142857142857,0.44977849706077655
7,14,1,2,8,3,2,3,27.432142857142857,0.44977849706077655
7,15,9,3,1,4,6,2,27.475,0.45052774496498316
7,16,1,2,8,3,2,3,27.432142857142857,0.44977849706077655
7,17,9,1,7,5,3,6,27.420238095238094,0.45006710619046847
7,18,7,4,8,4,6,8,27.43095238095238,0.4503889371752456
7,19,1,6,5,9,4,8,27.457142857142856,0.45058931546440634
7,20,7,1,6,8,4,7,27.457142857142856,0.4506006759099803
7,21,5,3,6,9,6,6,27.420238095238094,0.4502015577245734
7,22,1,6,6,8,4,8,27.457142857142856,0.4506006759099803
7,23,8,1,6,6,4,8,27.457142857142856,0.4506006759099803
7,24,6,1,8,5,7,8,27.420238095238094,0.45022105431093606
7,25,7,1,7,6,4,8,27.457142857142856,0.45061503767385896
7,26,7,1,7,6,4,8,27.457142857142856,0.45061503767385896
7,27,3,1,1,3,6,4,27.447619047619046,0.4506109899737713
7,28,3,1,1,3,6,4,27.447619047619046,0.4506109899737713
7,29,7,1,7,6,4,8,27.457142857142856,0.45061503767385896
7,30,3,1,2,2,6,4,27.414285714285715,0.45031958265735955
7,31,7,4,6,4,4,8,27.429761904761904,0.45071483936645856
7,32,2,1,6,4,4,8,27.45,0.45111750565894565
7,33,7,4,6,4,4,8,27.429761904761904,0.45071483936645856
7,34,2,1,6,4,4,8,27.45,0.45111750565894565
7,35,1,6,7,5,4,8,27.41904761904762,0.4503593229420705
7,36,7,1,7,5,4,7,27.41904761904762,0.4503593229420705
7,37,7,4,6,4,4,8,27.429761904761904,0.45071483936645856
7,38,1,9,1,4,3,6,27.425,0.4510362466029946
7,39,2,1,6,4,6,6,27.44642857142857,0.45117749972029947
7,40,7,1,10,5,4,4,27.41904761904762,0.4503608861770597
7,41,1,1,9,9,6,4,27.42142857142857,0.4507481049938135
7,42,2,1,6,4,6,6,27.44642857142857,0.45117749972029947
7,43,1,1,9,9,6,4,27.42142857142857,0.4507481049938135
7,44,6,3,8,4,6,8,27.401190476190475,0.45042546607610084
7,45,5,6,6,8,4,8,27.442857142857143,0.4522045260141213
7,46,5,6,6,8,4,8,27.442857142857143,0.4522045260141213
7,47,6,3,8,5,7,1,27.42142857142857,0.4507756864187453
7,48,4,1,7,4,4,5,27.422619047619047,0.4515638061758557
7,49,10,2,8,4,5,1,27.436904761904763,0.45182990760352487
8,0,9,1,8,6,3,8,27.395238095238096,0.4491771829501502
8,1,9,1,1,4,4,8,27.517857142857142,0.449663254788134
8,2,9,1,8,6,3,8,27.395238095238096,0.4491771829501502
8,3,7,4,10,5,3,4,27.51547619047619,0.4506600303041229
8,4,10,2,8,3,2,1,27.446428571428573,0.45030408612910666
8,5,1,2,8,3,2,3,27.432142857142857,0.44977849706077655
8,6,9,3,1,4,6,2,27.475,0.45052774496498316
8,7,9,3,1,4,6,2,27.475,0.45052774496498316
8,8,1,2,8,3,2,3,27.432142857142857,0.44977849706077655
8,9,10,2,8,3,2,1,27.446428571428573,0.45030408612910666
8,10,7,4,10,5,3,4,27.51547619047619,0.4506600303041229
8,11,7,4,10,5,3,4,27.51547619047619,0.4506600303041229
8,12,1,2,8,3,2,3,27.432142857142857,0.44977849706077655
8,13,1,2,8,3,2,3,27.432142857142857,0.44977849706077655
8,14,1,2,8,3,2,3,27.432142857142857,0.44977849706077655
8,15,9,3,1,4,6,2,27.475,0.45052774496498316
8,16,1,2,8,3,2,3,27.432142857142857,0.44977849706077655
8,17,1,2,8,3,2,3,27.432142857142857,0.44977849706077655
8,18,9,3,1,4,6,2,27.475,0.45052774496498316
8,19,1,2,8,3,2,3,27.432142857142857,0.44977849706077655
8,20,9,3,1,4,6,2,27.475,0.45052774496498316
8,21,9,1,7,5,3,6,27.420238095238094,0.45006710619046847
8,22,7,4,8,4,6,8,27.43095238095238,0.4503889371752456
8,23,1,6,5,9,4,8,27.457142857142856,0.45058931546440634
8,24,5,3,6,9,6,6,27.420238095238094,0.4502015577245734
8,25,5,3,6,9,6,6,27.420238095238094,0.4502015577245734
8,26,6,1,9,5,4,8,27.457142857142856,0.45059485727484694
8,27,5,3,6,9,6,6,27.420238095238094,0.4502015577245734
8,28,7,1,6,8,4,7,27.457142857142856,0.4506006759099803
8,29,1,6,6,8,4,8,27.457142857142856,0.4506006759099803
8,30,8,1,6,6,4,8,27.457142857142856,0.4506006759099803
8,31,6,1,8,5,7,8,27.420238095238094,0.45022105431093606
8,32,7,1,6,8,4,7,27.457142857142856,0.4506006759099803
8,33,7,1,7,6,4,8,27.457142857142856,0.45061503767385896
8,34,7,1,7,6,4,8,27.457142857142856,0.45061503767385896
8,35,3,1,1,3,6,4,27.447619047619046,0.4506109899737713
8,36,3,1,1,3,6,4,27.447619047619046,0.4506109899737713
8,37,7,1,7,6,4,8,27.457142857142856,0.45061503767385896
8,38,3,1,2,2,6,4,27.414285714285715,0.45031958265735955
8,39,5,1,8,5,4,8,27.41904761904762,0.4503554471995514
8,40,7,4,6,4,4,8,27.429761904761904,0.45071483936645856
8,41,2,1,6,4,4,8,27.45,0.45111750565894565
8,42,7,4,6,4,4,8,27.429761904761904,0.45071483936645856
8,43,2,1,6,4,4,8,27.45,0.45111750565894565
8,44,1,6,7,5,4,8,27.41904761904762,0.4503593229420705
8,45,7,1,7,5,4,7,27.41904761904762,0.4503593229420705
8,46,7,4,6,4,4,8,27.429761904761904,0.45071483936645856
8,47,2,1,6,4,4,8,27.45,0.45111750565894565
8,48,2,1,6,4,6,6,27.44642857142857,0.45117749972029947
8,49,2,1,6,4,6,6,27.44642857142857,0.45117749972029947
9,0,9,1,8,6,3,8,27.395238095238096,0.4491771829501502
9,1,9,1,1,4,4,8,27.517857142857142,0.449663254788134
9,2,9,1,8,6,3,8,27.395238095238096,0.4491771829501502
9,3,9,1,8,6,3,8,27.395238095238096,0.4491771829501502
9,4,7,4,10,5,3,4,27.51547619047619,0.4506600303041229
9,5,10,2,8,3,2,1,27.446428571428573,0.45030408612910666
9,6,1,2,8,3,2,3,27.432142857142857,0.44977849706077655
9,7,9,3,1,4,6,2,27.475,0.45052774496498316
9,8,9,3,1,4,6,2,27.475,0.45052774496498316
9,9,1,2,8,3,2,3,27.432142857142857,0.44977849706077655
9,10,10,2,8,3,2,1,27.446428571428573,0.45030408612910666
9,11,7,4,10,5,3,4,27.51547619047619,0.4506600303041229
9,12,7,4,10,5,3,4,27.51547619047619,0.4506600303041229
9,13,1,2,8,3,2,3,27.432142857142857,0.44977849706077655
9,14,1,2,8,3,2,3,27.432142857142857,0.44977849706077655
9,15,1,2,8,3,2,3,27.432142857142857,0.44977849706077655
9,16,9,3,1,4,6,2,27.475,0.45052774496498316
9,17,1,2,8,3,2,3,27.432142857142857,0.44977849706077655
9,18,1,2,8,3,2,3,27.432142857142857,0.44977849706077655
9,19,9,3,1,4,6,2,27.475,0.45052774496498316
9,20,1,2,8,3,2,3,27.432142857142857,0.44977849706077655
9,21,9,3,1,4,6,2,27.475,0.45052774496498316
9,22,7,4,10,5,3,4,27.51547619047619,0.4506600303041229
9,23,9,3,1,4,6,2,27.475,0.45052774496498316
9,24,1,2,8,3,2,3,27.432142857142857,0.44977849706077655
9,25,1,2,8,3,2,3,27.432142857142857,0.44977849706077655
9,26,9,1,7,5,3,6,27.420238095238094,0.45006710619046847
9,27,7,4,8,4,6,8,27.43095238095238,0.4503889371752456
9,28,1,6,5,9,4,8,27.457142857142856,0.45058931546440634
9,29,5,3,10,4,3,8,27.46904761904762,0.4513237249562332
9,30,5,3,6,9,6,6,27.420238095238094,0.4502015577245734
9,31,5,3,6,9,6,6,27.420238095238094,0.4502015577245734
9,32,6,1,9,5,4,8,27.457142857142856,0.45059485727484694
9,33,5,3,6,9,6,6,27.420238095238094,0.4502015577245734
9,34,7,1,6,6,7,8,27.420238095238094,0.4502015577245734
9,35,6,3,9,5,4,8,27.43095238095238,0.45059369966088475
9,36,8,1,9,5,4,8,27.43095238095238,0.45059369966088475
9,37,7,1,6,8,4,7,27.457142857142856,0.4506006759099803
9,38,1,6,6,8,4,8,27.457142857142856,0.4506006759099803
9,39,8,1,6,6,4,8,27.457142857142856,0.4506006759099803
9,40,6,1,8,5,7,8,27.420238095238094,0.45022105431093606
9,41,7,1,6,8,4,7,27.457142857142856,0.4506006759099803
9,42,7,1,6,8,4,7,27.457142857142856,0.4506006759099803
9,43,7,1,7,6,4,8,27.457142857142856,0.45061503767385896
9,44,7,1,7,6,4,8,27.457142857142856,0.45061503767385896
9,45,3,1,1,3,6,4,27.447619047619046,0.4506109899737713
9,46,3,1,1,3,6,4,27.447619047619046,0.4506109899737713
9,47,7,1,7,6,4,8,27.457142857142856,0.45061503767385896
9,48,3,1,2,2,6,4,27.414285714285715,0.45031958265735955
9,49,5,1,8,5,4,8,27.41904761904762,0.4503554471995514
10,0,9,1,8,6,3,8,27.395238095238096,0.4491771829501502
10,1,9,1,1,4,4,8,27.517857142857142,0.449663254788134
10,2,9,1,8,6,3,8,27.395238095238096,0.4491771829501502
10,3,9,1,8,6,3,8,27.395238095238096,0.4491771829501502
10,4,7,4,10,5,3,4,27.51547619047619,0.4506600303041229
10,5,10,2,8,3,2,1,27.446428571428573,0.45030408612910666
10,6,1,2,8,3,2,3,27.432142857142857,0.44977849706077655
10,7,9,3,1,4,6,2,27.475,0.45052774496498316
10,8,9,3,1,4,6,2,27.475,0.45052774496498316
10,9,1,2,8,3,2,3,27.432142857142857,0.44977849706077655
10,10,10,2,8,3,2,1,27.446428571428573,0.45030408612910666
10,11,7,4,10,5,3,4,27.51547619047619,0.4506600303041229
10,12,7,4,10,5,3,4,27.51547619047619,0.4506600303041229
10,13,1,2,8,3,2,3,27.432142857142857,0.44977849706077655
10,14,1,2,8,3,2,3,27.432142857142857,0.44977849706077655
10,15,1,2,8,3,2,3,27.432142857142857,0.44977849706077655
10,16,9,3,1,4,6,2,27.475,0.45052774496498316
10,17,1,2,8,3,2,3,27.432142857142857,0.44977849706077655
10,18,1,2,8,3,2,3,27.432142857142857,0.44977849706077655
10,19,9,3,1,4,6,2,27.475,0.45052774496498316
10,20,1,2,8,3,2,3,27.432142857142857,0.44977849706077655
10,21,9,3,1,4,6,2,27.475,0.45052774496498316
10,22,7,4,10,5,3,4,27.51547619047619,0.4506600303041229
10,23,9,3,1,4,6,2,27.475,0.45052774496498316
10,24,1,2,8,3,2,3,27.432142857142857,0.44977849706077655
10,25,1,2,8,3,2,3,27.432142857142857,0.44977849706077655
10,26,7,4,10,5,3,4,27.51547619047619,0.4506600303041229
10,27,1,2,8,3,2,3,27.432142857142857,0.44977849706077655
10,28,7,4,8,4,6,8,27.43095238095238,0.4503889371752456
10,29,1,6,5,9,4,8,27.457142857142856,0.45058931546440634
10,30,5,3,10,4,3,8,27.46904761904762,0.4513237249562332
10,31,7,1,6,6,3,8,27.420238095238094,0.4500565875693467
10,32,5,3,10,4,3,8,27.46904761904762,0.4513237249562332
10,33,5,3,10,4,3,8,27.46904761904762,0.4513237249562332
10,34,9,1,7,5,3,6,27.420238095238094,0.45006710619046847
10,35,6,1,9,5,4,8,27.457142857142856,0.45059485727484694
10,36,6,3,9,5,4,8,27.43095238095238,0.45059369966088475
10,37,8,1,9,5,4,8,27.43095238095238,0.45059369966088475
10,38,6,1,9,5,4,8,27.457142857142856,0.45059485727484694
10,39,5,3,6,9,6,6,27.420238095238094,0.4502015577245734
10,40,5,3,6,9,6,6,27.420238095238094,0.4502015577245734
10,41,5,3,6,9,6,6,27.420238095238094,0.4502015577245734
10,42,7,1,6,6,7,8,27.420238095238094,0.4502015577245734
10,43,7,1,6,8,4,7,27.457142857142856,0.4506006759099803
10,44,1,6,6,8,4,8,27.457142857142856,0.4506006759099803
10,45,8,1,6,6,4,8,27.457142857142856,0.4506006759099803
10,46,7,1,6,8,4,7,27.457142857142856,0.4506006759099803
10,47,7,1,6,8,4,7,27.457142857142856,0.4506006759099803
10,48,6,1,8,5,7,8,27.420238095238094,0.45022105431093606
10,49,7,1,7,6,4,8,27.457142857142856,0.45061503767385896
11,0,9,1,8,6,3,8,27.395238095238096,0.4491771829501502
11,1,9,1,1,4,4,8,27.517857142857142,0.449663254788134
11,2,9,1,8,6,3,8,27.395238095238096,0.4491771829501502
11,3,9,1,8,6,3,8,27.395238095238096,0.4491771829501502
11,4,9,1,8,6,3,8,27.395238095238096,0.4491771829501502
11,5,7,4,10,5,3,4,27.51547619047619,0.4506600303041229
11,6,10,2,8,3,2,1,27.446428571428573,0.45030408612910666
11,7,1,2,8,3,2,3,27.432142857142857,0.44977849706077655
11,8,9,3,1,4,6,2,27.475,0.45052774496498316
11,9,9,3,1,4,6,2,27.475,0.45052774496498316
11,10,1,2,8,3,2,3,27.432142857142857,0.44977849706077655
11,11,10,2,8,3,2,1,27.446428571428573,0.45030408612910666
11,12,7,4,10,5,3,4,27.51547619047619,0.4506600303041229
11,13,7,4,10,5,3,4,27.51547619047619,0.4506600303041229
11,14,1,2,8,3,2,3,27.432142857142857,0.44977849706077655
11,15,1,2,8,3,2,3,27.432142857142857,0.44977849706077655
11,16,1,2,8,3,2,3,27.432142857142857,0.44977849706077655
11,17,9,3,1,4,6,2,27.475,0.45052774496498316
11,18,1,2,8,3,2,3,27.432142857142857,0.44977849706077655
11,19,1,2,8,3,2,3,27.432142857142857,0.44977849706077655
11,20,9,3,1,4,6,2,27.475,0.45052774496498316
11,21,1,2,8,3,2,3,27.432142857142857,0.44977849706077655
11,22,9,3,1,4,6,2,27.475,0.45052774496498316
11,23,7,4,10,5,3,4,27.51547619047619,0.4506600303041229
11,24,9,3,1,4,6,2,27.475,0.45052774496498316
11,25,1,2,8,3,2,3,27.432142857142857,0.44977849706077655
11,26,1,2,8,3,2,3,27.432142857142857,0.44977849706077655
11,27,7,4,10,5,3,4,27.51547619047619,0.4506600303041229
11,28,1,2,8,3,2,3,27.432142857142857,0.44977849706077655
11,29,7,4,8,4,6,8,27.43095238095238,0.4503889371752456
11,30,1,6,5,9,4,8,27.457142857142856,0.45058931546440634
11,31,5,3,10,4,3,8,27.46904761904762,0.4513237249562332
11,32,7,1,6,6,3,8,27.420238095238094,0.4500565875693467
11,33,5,3,10,4,3,8,27.46904761904762,0.4513237249562332
11,34,5,3,10,4,3,8,27.46904761904762,0.4513237249562332
11,35,9,1,7,5,3,6,27.420238095238094,0.45006710619046847
11,36,6,1,9,5,4,8,27.457142857142856,0.45059485727484694
11,37,6,3,9,5,4,8,27.43095238095238,0.45059369966088475
11,38,8,1,9,5,4,8,27.43095238095238,0.45059369966088475
11,39,6,1,9,5,4,8,27.457142857142856,0.45059485727484694
11,40,9,1,7,5,3,6,27.420238095238094,0.45006710619046847
11,41,7,1,9,6,4,8,27.43095238095238,0.45059369966088475
11,42,7,1,6,8,4,7,27.457142857142856,0.4506006759099803
11,43,5,3,6,9,6,6,27.420238095238094,0.4502015577245734
11,44,7,1,6,8,4,7,27.457142857142856,0.4506006759099803
11,45,5,3,6,9,6,6,27.420238095238094,0.4502015577245734
11,46,5,3,6,9,6,6,27.420238095238094,0.4502015577245734
11,47,5,3,6,9,6,6,27.420238095238094,0.4502015577245734
11,48,1,6,6,8,4,8,27.457142857142856,0.4506006759099803
11,49,5,3,6,9,6,6,27.420238095238094,0.4502015577245734
12,0,9,1,8,6,3,8,27.395238095238096,0.4491771829501502
12,1,9,1,1,4,4,8,27.517857142857142,0.449663254788134
12,2,9,1,8,6,3,8,27.395238095238096,0.4491771829501502
12,3,9,1,8,6,3,8,27.395238095238096,0.4491771829501502
12,4,9,1,8,6,3,8,27.395238095238096,0.4491771829501502
12,5,9,1,1,4,4,8,27.517857142857142,0.449663254788134
12,6,9,1,8,6,3,8,27.395238095238096,0.4491771829501502
12,7,7,4,10,5,3,4,27.51547619047619,0.4506600303041229
12,8,10,2,8,3,2,1,27.446428571428573,0.45030408612910666
12,9,1,2,8,3,2,3,27.432142857142857,0.44977849706077655
12,10,9,3,1,4,6,2,27.475,0.45052774496498316
12,11,9,3,1,4,6,2,27.475,0.45052774496498316
12,12,1,2,8,3,2,3,27.432142857142857,0.44977849706077655
12,13,10,2,8,3,2,1,27.446428571428573,0.45030408612910666
12,14,7,4,10,5,3,4,27.51547619047619,0.4506600303041229
12,15,7,4,10,5,3,4,27.51547619047619,0.4506600303041229
12,16,1,2,8,3,2,3,27.432142857142857,0.44977849706077655
12,17,1,2,8,3,2,3,27.432142857142857,0.44977849706077655
12,18,1,2,8,3,2,3,27.432142857142857,0.44977849706077655
12,19,9,3,1,4,6,2,27.475,0.45052774496498316
12,20,1,2,8,3,2,3,27.432142857142857,0.44977849706077655
12,21,1,2,8,3,2,3,27.432142857142857,0.44977849706077655
12,22,9,3,1,4,6,2,27.475,0.45052774496498316
12,23,1,2,8,3,2,3,27.432142857142857,0.44977849706077655
12,24,9,3,1,4,6,2,27.475,0.45052774496498316
12,25,7,4,10,5,3,4,27.51547619047619,0.4506600303041229
12,26,9,3,1,4,6,2,27.475,0.45052774496498316
12,27,1,2,8,3,2,3,27.432142857142857,0.44977849706077655
12,28,1,2,8,3,2,3,27.432142857142857,0.44977849706077655
12,29,7,4,10,5,3,4,27.51547619047619,0.4506600303041229
12,30,1,2,8,3,2,3,27.432142857142857,0.44977849706077655
12,31,1,2,8,3,2,3,27.432142857142857,0.44977849706077655
12,32,9,3,1,4,6,2,27.475,0.45052774496498316
12,33,1,2,8,3,2,3,27.432142857142857,0.44977849706077655
12,34,9,3,1,4,6,2,27.475,0.45052774496498316
12,35,7,4,10,5,3,4,27.51547619047619,0.4506600303041229
12,36,1,2,8,3,2,3,27.432142857142857,0.44977849706077655
12,37,1,2,8,3,2,3,27.432142857142857,0.44977849706077655
12,38,7,4,8,4,6,8,27.43095238095238,0.4503889371752456
12,39,1,6,5,9,4,8,27.457142857142856,0.45058931546440634
12,40,5,3,10,4,3,8,27.46904761904762,0.4513237249562332
12,41,7,1,6,6,3,8,27.420238095238094,0.4500565875693467
12,42,5,3,10,4,3,8,27.46904761904762,0.4513237249562332
12,43,5,3,10,4,3,8,27.46904761904762,0.4513237249562332
12,44,9,3,9,4,6,4,27.428571428571427,0.4502787347987619
12,45,5,3,10,4,3,8,27.46904761904762,0.4513237249562332
12,46,7,1,6,6,3,8,27.420238095238094,0.4500565875693467
12,47,9,1,7,5,3,6,27.420238095238094,0.45006710619046847
12,48,6,3,9,4,3,8,27.46904761904762,0.45133126994694245
12,49,9,1,7,5,3,6,27.420238095238094,0.45006710619046847
13,0,9,1,8,6,3,8,27.395238095238096,0.4491771829501502
13,1,9,1,1,4,4,8,27.517857142857142,0.449663254788134
13,2,9,1,8,6,3,8,27.395238095238096,0.4491771829501502
13,3,9,1,8,6,3,8,27.395238095238096,0.4491771829501502
13,4,9,1,8,6,3,8,27.395238095238096,0.4491771829501502
13,5,9,1,1,4,4,8,27.517857142857142,0.449663254788134
13,6,9,1,8,6,3,8,27.395238095238096,0.4491771829501502
13,7,9,1,1,4,4,8,27.517857142857142,0.449663254788134
13,8,9,1,1,4,4,8,27.517857142857142,0.449663254788134
13,9,7,4,10,5,3,4,27.51547619047619,0.4506600303041229
13,10,10,2,8,3,2,1,27.446428571428573,0.45030408612910666
13,11,1,2,8,3,2,3,27.432142857142857,0.44977849706077655
13,12,9,3,1,4,6,2,27.475,0.45052774496498316
13,13,9,3,1,4,6,2,27.475,0.45052774496498316
13,14,1,2,8,3,2,3,27.432142857142857,0.44977849706077655
13,15,10,2,8,3,2,1,27.446428571428573,0.45030408612910666
13,16,7,4,10,5,3,4,27.51547619047619,0.4506600303041229
13,17,7,4,10,5,3,4,27.51547619047619,0.4506600303041229
13,18,1,2,8,3,2,3,27.432142857142857,0.44977849706077655
13,19,1,2,8,3,2,3,27.432142857142857,0.44977849706077655
13,20,1,2,8,3,2,3,27.432142857142857,0.44977849706077655
13,21,9,3,1,4,6,2,27.475,0.45052774496498316
13,22,1,2,8,3,2,3,27.432142857142857,0.44977849706077655
13,23,1,2,8,3,2,3,27.432142857142857,0.44977849706077655
13,24,9,3,1,4,6,2,27.475,0.45052774496498316
13,25,1,2,8,3,2,3,27.432142857142857,0.44977849706077655
13,26,9,3,1,4,6,2,27.475,0.45052774496498316
13,27,7,4,10,5,3,4,27.51547619047619,0.4506600303041229
13,28,9,3,1,4,6,2,27.475,0.45052774496498316
13,29,1,2,8,3,2,3,27.432142857142857,0.44977849706077655
13,30,1,2,8,3,2,3,27.432142857142857,0.44977849706077655
13,31,7,4,10,5,3,4,27.51547619047619,0.4506600303041229
13,32,1,2,8,3,2,3,27.432142857142857,0.44977849706077655
13,33,1,2,8,3,2,3,27.432142857142857,0.44977849706077655
13,34,9,3,1,4,6,2,27.475,0.45052774496498316
13,35,1,2,8,3,2,3,27.432142857142857,0.44977849706077655
13,36,9,3,1,4,6,2,27.475,0.45052774496498316
13,37,7,4,10,5,3,4,27.51547619047619,0.4506600303041229
13,38,1,2,8,3,2,3,27.432142857142857,0.44977849706077655
13,39,1,2,8,3,2,3,27.432142857142857,0.44977849706077655
13,40,1,2,8,3,2,3,27.432142857142857,0.44977849706077655
13,41,9,3,1,4,6,2,27.475,0.45052774496498316
13,42,1,2,8,3,2,3,27.432142857142857,0.44977849706077655
13,43,1,2,8,3,2,3,27.432142857142857,0.44977849706077655
13,44,1,2,8,3,2,3,27.432142857142857,0.44977849706077655
13,45,1,2,8,3,2,3,27.432142857142857,0.44977849706077655
13,46,7,1,6,6,3,8,27.420238095238094,0.4500565875693467
13,47,7,1,6,6,3,8,27.420238095238094,0.4500565875693467
13,48,5,3,10,4,3,8,27.46904761904762,0.4513237249562332
13,49,5,3,10,4,3,8,27.46904761904762,0.4513237249562332
14,0,9,1,8,6,3,8,27.395238095238096,0.4491771829501502
14,1,9,1,1,4,4,8,27.517857142857142,0.449663254788134
14,2,9,1,8,6,3,8,27.395238095238096,0.4491771829501502
14,3,9,1,8,6,3,8,27.395238095238096,0.4491771829501502
14,4,9,1,8,6,3,8,27.395238095238096,0.4491771829501502
14,5,9,1,1,4,4,8,27.517857142857142,0.449663254788134
14,6,9,1,8,6,3,8,27.395238095238096,0.4491771829501502
14,7,9,1,1,4,4,8,27.517857142857142,0.449663254788134
14,8,9,1,1,4,4,8,27.517857142857142,0.449663254788134
14,9,9,1,8,6,3,8,27.395238095238096,0.4491771829501502
14,10,9,1,1,4,4,8,27.517857142857142,0.449663254788134
14,11,9,1,1,4,4,8,27.517857142857142,0.449663254788134
14,12,9,1,1,4,4,8,27.517857142857142,0.449663254788134
14,13,9,1,1,4,4,8,27.517857142857142,0.449663254788134
14,14,9,1,1,4,4,8,27.517857142857142,0.449663254788134
14,15,1,2,8,3,2,3,27.432142857142857,0.44977849706077655
14,16,1,2,8,3,2,3,27.432142857142857,0.44977849706077655
14,17,7,4,10,5,3,4,27.51547619047619,0.4506600303041229
14,18,7,4,10,5,3,4,27.51547619047619,0.4506600303041229
14,19,10,2,8,3,2,1,27.446428571428573,0.45030408612910666
14,20,9,3,1,4,6,2,27.475,0.45052774496498316
14,21,9,3,1,4,6,2,27.475,0.45052774496498316
14,22,8,2,8,3,2,3,27.446428571428573,0.45030408612910666
14,23,1,2,8,3,2,3,27.432142857142857,0.44977849706077655
14,24,1,2,8,3,2,3,27.432142857142857,0.44977849706077655
14,25,1,2,8,3,2,3,27.432142857142857,0.44977849706077655
14,26,9,3,1,4,6,2,27.475,0.45052774496498316
14,27,9,3,1,4,6,2,27.475,0.45052774496498316
14,28,1,2,8,3,2,3,27.432142857142857,0.44977849706077655
14,29,7,4,10,5,3,4,27.51547619047619,0.4506600303041229
14,30,9,3,1,4,6,2,27.475,0.45052774496498316
14,31,7,4,10,5,3,4,27.51547619047619,0.4506600303041229
14,32,1,2,8,3,2,3,27.432142857142857,0.44977849706077655
14,33,9,3,1,4,6,2,27.475,0.45052774496498316
14,34,1,2,8,3,2,3,27.432142857142857,0.44977849706077655
14,35,1,2,8,3,2,3,27.432142857142857,0.44977849706077655
14,36,9,3,1,4,6,2,27.475,0.45052774496498316
14,37,1,2,8,3,2,3,27.432142857142857,0.44977849706077655
14,38,7,4,10,5,3,4,27.51547619047619,0.4506600303041229
14,39,1,2,8,3,2,3,27.432142857142857,0.44977849706077655
14,40,1,2,8,3,2,3,27.432142857142857,0.44977849706077655
14,41,1,2,8,3,2,3,27.432142857142857,0.44977849706077655
14,42,1,2,8,3,2,3,27.432142857142857,0.44977849706077655
14,43,1,2,8,3,2,3,27.432142857142857,0.44977849706077655
14,44,1,2,8,3,2,3,27.432142857142857,0.44977849706077655
14,45,1,2,8,3,2,3,27.432142857142857,0.44977849706077655
14,46,9,3,1,4,6,2,27.475,0.45052774496498316
14,47,1,2,8,3,2,3,27.432142857142857,0.44977849706077655
14,48,1,2,8,3,2,3,27.432142857142857,0.44977849706077655
14,49,1,2,8,3,2,3,27.432142857142857,0.44977849706077655
15,0,9,1,8,6,3,8,27.395238095238096,0.4491771829501502
15,1,9,1,1,4,4,8,27.517857142857142,0.449663254788134
15,2,9,1,8,6,3,8,27.395238095238096,0.4491771829501502
15,3,9,1,8,6,3,8,27.395238095238096,0.4491771829501502
15,4,9,1,8,6,3,8,27.395238095238096,0.4491771829501502
15,5,9,1,1,4,4,8,27.517857142857142,0.449663254788134
15,6,9,1,8,6,3,8,27.395238095238096,0.4491771829501502
15,7,9,1,1,4,4,8,27.517857142857142,0.449663254788134
15,8,9,1,1,4,4,8,27.517857142857142,0.449663254788134
15,9,9,1,8,6,3,8,27.395238095238096,0.4491771829501502
15,10,9,1,1,4,4,8,27.517857142857142,0.449663254788134
15,11,9,1,1,4,4,8,27.517857142857142,0.449663254788134
15,12,9,1,1,4,4,8,27.517857142857142,0.449663254788134
15,13,9,1,1,4,4,8,27.517857142857142,0.449663254788134
15,14,9,1,1,4,4,8,27.517857142857142,0.449663254788134
15,15,9,1,8,6,3,8,27.395238095238096,0.4491771829501502
15,16,9,1,1,4,4,8,27.517857142857142,0.449663254788134
15,17,9,1,1,4,4,8,27.517857142857142,0.449663254788134
15,18,9,1,1,4,4,8,27.517857142857142,0.449663254788134
15,19,9,1,1,4,4,8,27.517857142857142,0.449663254788134
15,20,9,1,1,4,4,8,27.517857142857142,0.449663254788134
15,21,9,1,1,4,4,8,27.517857142857142,0.449663254788134
15,22,9,1,1,4,4,8,27.517857142857142,0.449663254788134
15,23,9,1,1,4,4,8,27.517857142857142,0.449663254788134
15,24,9,1,1,4,4,8,27.517857142857142,0.449663254788134
15,25,9,1,1,4,4,8,27.517857142857142,0.449663254788134
15,26,7,4,10,5,3,4,27.51547619047619,0.4506600303041229
15,27,7,4,10,5,3,4,27.51547619047619,0.4506600303041229
15,28,1,2,1,3,2,3,27.351190476190478,0.4495692444761835
15,29,1,2,8,3,2,3,27.432142857142857,0.44977849706077655
15,30,10,2,8,3,2,1,27.446428571428573,0.45030408612910666
15,31,9,3,1,4,6,2,27.475,0.45052774496498316
15,32,9,3,1,4,6,2,27.475,0.45052774496498316
15,33,8,2,8,3,2,3,27.446428571428573,0.45030408612910666
15,34,1,2,8,3,2,3,27.432142857142857,0.44977849706077655
15,35,1,2,8,3,2,3,27.432142857142857,0.44977849706077655
15,36,1,2,8,3,2,3,27.432142857142857,0.44977849706077655
15,37,1,2,8,3,2,3,27.432142857142857,0.44977849706077655
15,38,1,2,8,3,2,3,27.432142857142857,0.44977849706077655
15,39,9,3,1,4,6,2,27.475,0.45052774496498316
15,40,9,3,1,4,6,2,27.475,0.45052774496498316
15,41,9,3,1,4,6,2,27.475,0.45052774496498316
15,42,1,2,8,3,2,3,27.432142857142857,0.44977849706077655
15,43,9,3,1,4,6,2,27.475,0.45052774496498316
15,44,1,2,8,3,2,3,27.432142857142857,0.44977849706077655
15,45,1,2,8,3,2,3,27.432142857142857,0.44977849706077655
15,46,1,2,8,3,2,3,27.432142857142857,0.44977849706077655
15,47,1,2,8,3,2,3,27.432142857142857,0.44977849706077655
15,48,1,2,8,3,2,3,27.432142857142857,0.44977849706077655
15,49,1,2,8,3,2,3,27.432142857142857,0.44977849706077655
16,0,9,1,8,6,3,8,27.395238095238096,0.4491771829501502
16,1,9,1,1,4,4,8,27.517857142857142,0.449663254788134
16,2,9,1,8,6,3,8,27.395238095238096,0.4491771829501502
16,3,9,1,8,6,3,8,27.395238095238096,0.4491771829501502
16,4,9,1,8,6,3,8,27.395238095238096,0.4491771829501502
16,5,9,1,1,4,4,8,27.517857142857142,0.449663254788134
16,6,9,1,8,6,3,8,27.395238095238096,0.4491771829501502
16,7,9,1,1,4,4,8,27.517857142857142,0.449663254788134
16,8,9,1,1,4,4,8,27.517857142857142,0.449663254788134
16,9,9,1,8,6,3,8,27.395238095238096,0.4491771829501502
16,10,9,1,1,4,4,8,27.517857142857142,0.449663254788134
16,11,9,1,1,4,4,8,27.517857142857142,0.449663254788134
16,12,9,1,1,4,4,8,27.517857142857142,0.449663254788134
16,13,9,1,1,4,4,8,27.517857142857142,0.449663254788134
16,14,9,1,1,4,4,8,27.517857142857142,0.449663254788134
16,15,9,1,8,6,3,8,27.395238095238096,0.4491771829501502
16,16,9,1,1,4,4,8,27.517857142857142,0.449663254788134
16,17,9,1,1,4,4,8,27.517857142857142,0.449663254788134
16,18,9,1,1,4,4,8,27.517857142857142,0.449663254788134
16,19,9,1,1,4,4,8,27.517857142857142,0.449663254788134
16,20,9,1,1,4,4,8,27.517857142857142,0.449663254788134
16,21,9,1,1,4,4,8,27.517857142857142,0.449663254788134
16,22,9,1,1,4,4,8,27.517857142857142,0.449663254788134
16,23,9,1,1,4,4,8,27.517857142857142,0.449663254788134
16,24,9,1,1,4,4,8,27.517857142857142,0.449663254788134
16,25,9,1,1,4,4,8,27.517857142857142,0.449663254788134
16,26,9,1,8,6,3,8,27.395238095238096,0.4491771829501502
16,27,9,1,1,4,4,8,27.517857142857142,0.449663254788134
16,28,9,1,1,4,4,8,27.517857142857142,0.449663254788134
16,29,9,1,1,4,4,8,27.517857142857142,0.449663254788134
16,30,9,1,1,4,4,8,27.517857142857142,0.449663254788134
16,31,9,1,1,4,4,8,27.517857142857142,0.449663254788134
16,32,9,1,1,4,4,8,27.517857142857142,0.449663254788134
16,33,9,1,8,6,3,8,27.395238095238096,0.4491771829501502
16,34,9,1,1,4,4,8,27.517857142857142,0.449663254788134
16,35,9,1,1,4,4,8,27.517857142857142,0.449663254788134
16,36,9,1,1,4,4,8,27.517857142857142,0.449663254788134
16,37,9,1,1,4,4,8,27.517857142857142,0.449663254788134
16,38,9,1,8,6,3,8,27.395238095238096,0.4491771829501502
16,39,9,1,1,4,4,8,27.517857142857142,0.449663254788134
16,40,7,4,10,5,3,4,27.51547619047619,0.4506600303041229
16,41,1,2,1,3,2,3,27.351190476190478,0.4495692444761835
16,42,7,4,10,5,3,4,27.51547619047619,0.4506600303041229
16,43,1,2,8,3,2,3,27.432142857142857,0.44977849706077655
16,44,10,2,8,3,2,1,27.446428571428573,0.45030408612910666
16,45,9,3,1,4,6,2,27.475,0.45052774496498316
16,46,1,2,8,3,2,3,27.432142857142857,0.44977849706077655
16,47,1,2,1,3,3,3,27.45714285714286,0.45040846786296235
16,48,9,3,1,4,6,2,27.475,0.45052774496498316
16,49,9,1,7,4,4,8,27.455952380952382,0.45037105355667867
17,0,9,1,8,6,3,8,27.395238095238096,0.4491771829501502
17,1,9,1,1,4,4,8,27.517857142857142,0.449663254788134
17,2,9,1,1,4,4,8,27.517857142857142,0.449663254788134
17,3,9,1,8,6,3,8,27.395238095238096,0.4491771829501502
17,4,9,1,1,4,4,8,27.517857142857142,0.449663254788134
17,5,9,1,1,4,4,8,27.517857142857142,0.449663254788134
17,6,9,1,1,4,4,8,27.517857142857142,0.449663254788134
17,7,9,1,1,4,4,8,27.517857142857142,0.449663254788134
17,8,9,1,1,4,4,8,27.517857142857142,0.449663254788134
17,9,9,1,1,4,4,8,27.517857142857142,0.449663254788134
17,10,9,1,1,4,4,8,27.517857142857142,0.449663254788134
17,11,9,1,1,4,4,8,27.517857142857142,0.449663254788134
17,12,9,1,1,4,4,8,27.517857142857142,0.449663254788134
17,13,9,1,8,6,3,8,27.395238095238096,0.4491771829501502
17,14,9,1,8,6,3,8,27.395238095238096,0.4491771829501502
17,15,9,1,1,4,4,8,27.517857142857142,0.449663254788134
17,16,9,1,8,6,3,8,27.395238095238096,0.4491771829501502
17,17,9,1,8,6,3,8,27.395238095238096,0.4491771829501502
17,18,9,1,8,6,3,8,27.395238095238096,0.4491771829501502
17,19,9,1,1,4,4,8,27.517857142857142,0.449663254788134
17,20,9,1,1,4,4,8,27.517857142857142,0.449663254788134
17,21,9,1,1,4,4,8,27.517857142857142,0.449663254788134
17,22,9,1,1,4,4,8,27.517857142857142,0.449663254788134
17,23,9,1,1,4,4,8,27.517857142857142,0.449663254788134
17,24,9,1,1,4,4,8,27.517857142857142,0.449663254788134
17,25,9,1,1,4,4,8,27.517857142857142,0.449663254788134
17,26,9,1,1,4,4,8,27.517857142857142,0.449663254788134
17,27,9,1,1,4,4,8,27.517857142857142,0.449663254788134
17,28,9,1,1,4,4,8,27.517857142857142,0.449663254788134
17,29,9,1,1,4,4,8,27.517857142857142,0.449663254788134
17,30,9,1,1,4,4,8,27.517857142857142,0.449663254788134
17,31,9,1,1,4,4,8,27.517857142857142,0.449663254788134
17,32,9,1,1,4,4,8,27.517857142857142,0.449663254788134
17,33,9,1,1,4,4,8,27.517857142857142,0.449663254788134
17,34,9,1,1,4,4,8,27.517857142857142,0.449663254788134
17,35,9,1,1,4,4,8,27.517857142857142,0.449663254788134
17,36,9,1,1,4,4,8,27.517857142857142,0.449663254788134
17,37,9,1,8,6,3,8,27.395238095238096,0.4491771829501502
17,38,9,1,1,4,4,8,27.517857142857142,0.449663254788134
17,39,9,1,1,4,4,8,27.517857142857142,0.449663254788134
17,40,9,1,1,4,4,8,27.517857142857142,0.449663254788134
17,41,9,1,1,4,4,8,27.517857142857142,0.449663254788134
17,42,9,1,1,4,4,8,27.517857142857142,0.449663254788134
17,43,9,1,1,4,4,8,27.517857142857142,0.449663254788134
17,44,9,1,1,4,4,8,27.517857142857142,0.449663254788134
17,45,9,1,8,6,3,8,27.395238095238096,0.4491771829501502
17,46,9,1,1,4,4,8,27.517857142857142,0.449663254788134
17,47,9,1,1,4,4,8,27.517857142857142,0.449663254788134
17,48,9,1,1,4,4,8,27.517857142857142,0.449663254788134
17,49,9,1,1,4,4,8,27.517857142857142,0.449663254788134
18,0,9,1,1,4,4,8,27.517857142857142,0.449663254788134
18,1,9,1,8,6,3,8,27.395238095238096,0.4491771829501502
18,2,9,1,8,6,3,8,27.395238095238096,0.4491771829501502
18,3,9,1,1,4,4,8,27.517857142857142,0.449663254788134
18,4,9,1,1,4,4,8,27.517857142857142,0.449663254788134
18,5,9,1,1,4,4,8,27.517857142857142,0.449663254788134
18,6,9,1,1,4,4,8,27.517857142857142,0.449663254788134
18,7,9,1,1,4,4,8,27.517857142857142,0.449663254788134
18,8,9,1,1,4,4,8,27.517857142857142,0.449663254788134
18,9,9,1,1,4,4,8,27.517857142857142,0.449663254788134
18,10,9,1,1,4,4,8,27.517857142857142,0.449663254788134
18,11,9,1,1,4,4,8,27.517857142857142,0.449663254788134
18,12,9,1,1,4,4,8,27.517857142857142,0.449663254788134
18,13,9,1,1,4,4,8,27.517857142857142,0.449663254788134
18,14,9,1,1,4,4,8,27.517857142857142,0.449663254788134
18,15,9,1,1,4,4,8,27.517857142857142,0.449663254788134
18,16,9,1,1,4,4,8,27.517857142857142,0.449663254788134
18,17,9,1,1,4,4,8,27.517857142857142,0.449663254788134
18,18,9,1,1,4,4,8,27.517857142857142,0.449663254788134
18,19,9,1,1,4,4,8,27.517857142857142,0.449663254788134
18,20,9,1,1,4,4,8,27.517857142857142,0.449663254788134
18,21,9,1,1,4,4,8,27.517857142857142,0.449663254788134
18,22,9,1,1,4,4,8,27.517857142857142,0.449663254788134
18,23,9,1,1,4,4,8,27.517857142857142,0.449663254788134
18,24,9,1,1,4,4,8,27.517857142857142,0.449663254788134
18,25,9,1,1,4,4,8,27.517857142857142,0.449663254788134
18,26,9,1,1,4,4,8,27.517857142857142,0.449663254788134
18,27,9,1,8,6,3,8,27.395238095238096,0.4491771829501502
18,28,9,1,1,4,4,8,27.517857142857142,0.449663254788134
18,29,9,1,1,4,4,8,27.517857142857142,0.449663254788134
18,30,9,1,1,4,4,8,27.517857142857142,0.449663254788134
18,31,9,1,8,6,3,8,27.395238095238096,0.4491771829501502
18,32,9,1,1,4,4,8,27.517857142857142,0.449663254788134
18,33,9,1,1,4,4,8,27.517857142857142,0.449663254788134
18,34,9,1,1,4,4,8,27.517857142857142,0.449663254788134
18,35,9,1,1,4,4,8,27.517857142857142,0.449663254788134
18,36,9,1,1,4,4,8,27.517857142857142,0.449663254788134
18,37,9,1,1,4,4,8,27.517857142857142,0.449663254788134
18,38,9,1,1,4,4,8,27.517857142857142,0.449663254788134
18,39,9,1,1,4,4,8,27.517857142857142,0.449663254788134
18,40,9,1,1,4,4,8,27.517857142857142,0.449663254788134
18,41,9,1,1,4,4,8,27.517857142857142,0.449663254788134
18,42,9,1,8,6,3,8,27.395238095238096,0.4491771829501502
18,43,9,1,8,6,3,8,27.395238095238096,0.4491771829501502
18,44,9,1,1,4,4,8,27.517857142857142,0.449663254788134
18,45,9,1,1,4,4,8,27.517857142857142,0.449663254788134
18,46,9,1,1,4,4,8,27.517857142857142,0.449663254788134
18,47,9,1,8,6,3,8,27.395238095238096,0.4491771829501502
18,48,9,1,1,4,4,8,27.517857142857142,0.449663254788134
18,49,9,1,1,4,4,8,27.517857142857142,0.449663254788134
19,0,9,1,8,6,3,8,27.395238095238096,0.4491771829501502
19,1,9,1,1,4,4,8,27.517857142857142,0.449663254788134
19,2,9,1,1,4,4,8,27.517857142857142,0.449663254788134
19,3,9,1,8,6,3,8,27.395238095238096,0.4491771829501502
19,4,9,1,1,4,4,8,27.517857142857142,0.449663254788134
19,5,9,1,1,4,4,8,27.517857142857142,0.449663254788134
19,6,9,1,1,4,4,8,27.517857142857142,0.449663254788134
19,7,9,1,1,4,4,8,27.517857142857142,0.449663254788134
19,8,9,1,1,4,4,8,27.517857142857142,0.449663254788134
19,9,9,1,1,4,4,8,27.517857142857142,0.449663254788134
19,10,9,1,1,4,4,8,27.517857142857142,0.449663254788134
19,11,9,1,8,6,3,8,27.395238095238096,0.4491771829501502
19,12,9,1,1,4,4,8,27.517857142857142,0.449663254788134
19,13,9,1,1,4,4,8,27.517857142857142,0.449663254788134
19,14,9,1,1,4,4,8,27.517857142857142,0.449663254788134
19,15,9,1,1,4,4,8,27.517857142857142,0.449663254788134
19,16,9,1,1,4,4,8,27.517857142857142,0.449663254788134
19,17,9,1,1,4,4,8,27.517857142857142,0.449663254788134
19,18,9,1,1,4,4,8,27.517857142857142,0.449663254788134
19,19,9,1,1,4,4,8,27.517857142857142,0.449663254788134
19,20,9,1,1,4,4,8,27.517857142857142,0.449663254788134
19,21,9,1,1,4,4,8,27.517857142857142,0.449663254788134
19,22,9,1,1,4,4,8,27.517857142857142,0.449663254788134
19,23,9,1,1,4,4,8,27.517857142857142,0.449663254788134
19,24,9,1,1,4,4,8,27.517857142857142,0.449663254788134
19,25,9,1,1,4,4,8,27.517857142857142,0.449663254788134
19,26,9,1,1,4,4,8,27.517857142857142,0.449663254788134
19,27,9,1,1,4,4,8,27.517857142857142,0.449663254788134
19,28,9,1,8,6,3,8,27.395238095238096,0.4491771829501502
19,29,9,1,1,4,4,8,27.517857142857142,0.449663254788134
19,30,9,1,8,6,3,8,27.395238095238096,0.4491771829501502
19,31,9,1,1,4,4,8,27.517857142857142,0.449663254788134
19,32,9,1,1,4,4,8,27.517857142857142,0.449663254788134
19,33,9,1,1,4,4,8,27.517857142857142,0.449663254788134
19,34,9,1,1,4,4,8,27.517857142857142,0.449663254788134
19,35,9,1,1,4,4,8,27.517857142857142,0.449663254788134
19,36,9,1,1,4,4,8,27.517857142857142,0.449663254788134
19,37,9,1,1,4,4,8,27.517857142857142,0.449663254788134
19,38,9,1,1,4,4,8,27.517857142857142,0.449663254788134
19,39,9,1,1,4,4,8,27.517857142857142,0.449663254788134
19,40,9,1,1,4,4,8,27.517857142857142,0.449663254788134
19,41,9,1,1,4,4,8,27.517857142857142,0.449663254788134
19,42,9,1,1,4,4,8,27.517857142857142,0.449663254788134
19,43,9,1,1,4,4,8,27.517857142857142,0.449663254788134
19,44,9,1,1,4,4,8,27.517857142857142,0.449663254788134
19,45,9,1,1,4,4,8,27.517857142857142,0.449663254788134
19,46,9,1,1,4,4,8,27.517857142857142,0.449663254788134
19,47,9,1,1,4,4,8,27.517857142857142,0.449663254788134
19,48,9,1,8,6,3,8,27.395238095238096,0.4491771829501502
19,49,9,1,8,6,3,8,27.395238095238096,0.4491771829501502
20,0,9,1,8,6,3,8,27.395238095238096,0.4491771829501502
20,1,9,1,8,6,3,8,27.395238095238096,0.4491771829501502
20,2,9,1,1,4,4,8,27.517857142857142,0.449663254788134
20,3,9,1,1,4,4,8,27.517857142857142,0.449663254788134
20,4,9,1,1,4,4,8,27.517857142857142,0.449663254788134
20,5,9,1,1,4,4,8,27.517857142857142,0.449663254788134
20,6,9,1,1,4,4,8,27.517857142857142,0.449663254788134
20,7,9,1,1,4,4,8,27.517857142857142,0.449663254788134
20,8,9,1,1,4,4,8,27.517857142857142,0.449663254788134
20,9,9,1,1,4,4,8,27.517857142857142,0.449663254788134
20,10,9,1,1,4,4,8,27.517857142857142,0.449663254788134
20,11,9,1,8,6,3,8,27.395238095238096,0.4491771829501502
20,12,9,1,1,4,4,8,27.517857142857142,0.449663254788134
20,13,9,1,1,4,4,8,27.517857142857142,0.449663254788134
20,14,9,1,1,4,4,8,27.517857142857142,0.449663254788134
20,15,9,1,1,4,4,8,27.517857142857142,0.449663254788134
20,16,9,1,1,4,4,8,27.517857142857142,0.449663254788134
20,17,9,1,1,4,4,8,27.517857142857142,0.449663254788134
20,18,9,1,1,4,4,8,27.517857142857142,0.449663254788134
20,19,9,1,1,4,4,8,27.517857142857142,0.449663254788134
20,20,9,1,1,4,4,8,27.517857142857142,0.449663254788134
20,21,9,1,1,4,4,8,27.517857142857142,0.449663254788134
20,22,9,1,1,4,4,8,27.517857142857142,0.449663254788134
20,23,9,1,1,4,4,8,27.517857142857142,0.449663254788134
20,24,9,1,1,4,4,8,27.517857142857142,0.449663254788134
20,25,9,1,1,4,4,8,27.517857142857142,0.449663254788134
20,26,9,1,1,4,4,8,27.517857142857142,0.449663254788134
20,27,9,1,1,4,4,8,27.517857142857142,0.449663254788134
20,28,9,1,1,4,4,8,27.517857142857142,0.449663254788134
20,29,9,1,1,4,4,8,27.517857142857142,0.449663254788134
20,30,9,1,1,4,4,8,27.517857142857142,0.449663254788134
20,31,9,1,1,4,4,8,27.517857142857142,0.449663254788134
20,32,9,1,8,6,3,8,27.395238095238096,0.4491771829501502
20,33,9,1,1,4,4,8,27.517857142857142,0.449663254788134
20,34,9,1,1,4,4,8,27.517857142857142,0.449663254788134
20,35,9,1,1,4,4,8,27.517857142857142,0.449663254788134
20,36,9,1,1,4,4,8,27.517857142857142,0.449663254788134
20,37,9,1,1,4,4,8,27.517857142857142,0.449663254788134
20,38,9,1,1,4,4,8,27.517857142857142,0.449663254788134
20,39,9,1,1,4,4,8,27.517857142857142,0.449663254788134
20,40,9,1,8,6,3,8,27.395238095238096,0.4491771829501502
20,41,9,1,8,6,3,8,27.395238095238096,0.4491771829501502
20,42,9,1,1,4,4,8,27.517857142857142,0.449663254788134
20,43,9,1,1,4,4,8,27.517857142857142,0.449663254788134
20,44,9,1,1,4,4,8,27.517857142857142,0.449663254788134
20,45,9,1,1,4,4,8,27.517857142857142,0.449663254788134
20,46,9,1,1,4,4,8,27.517857142857142,0.449663254788134
20,47,9,1,1,4,4,8,27.517857142857142,0.449663254788134
20,48,9,1,1,4,4,8,27.517857142857142,0.449663254788134
20,49,9,1,1,4,4,8,27.517857142857142,0.449663254788134
21,0,9,1,1,4,4,8,27.517857142857142,0.449663254788134
21,1,9,1,8,6,3,8,27.395238095238096,0.4491771829501502
21,2,9,1,8,6,3,8,27.395238095238096,0.4491771829501502
21,3,9,1,1,4,4,8,27.517857142857142,0.449663254788134
21,4,9,1,1,4,4,8,27.517857142857142,0.449663254788134
21,5,9,1,1,4,4,8,27.517857142857142,0.449663254788134
21,6,9,1,1,4,4,8,27.517857142857142,0.449663254788134
21,7,9,1,1,4,4,8,27.517857142857142,0.449663254788134
21,8,9,1,1,4,4,8,27.517857142857142,0.449663254788134
21,9,9,1,1,4,4,8,27.517857142857142,0.449663254788134
21,10,9,1,8,6,3,8,27.395238095238096,0.4491771829501502
21,11,9,1,1,4,4,8,27.517857142857142,0.449663254788134
21,12,9,1,1,4,4,8,27.517857142857142,0.449663254788134
21,13,9,1,1,4,4,8,27.517857142857142,0.449663254788134
21,14,9,1,1,4,4,8,27.517857142857142,0.449663254788134
21,15,9,1,1,4,4,8,27.517857142857142,0.449663254788134
21,16,9,1,8,6,3,8,27.395238095238096,0.4491771829501502
21,17,9,1,1,4,4,8,27.517857142857142,0.449663254788134
21,18,9,1,1,4,4,8,27.517857142857142,0.449663254788134
21,19,9,1,1,4,4,8,27.517857142857142,0.449663254788134
21,20,9,1,1,4,4,8,27.517857142857142,0.449663254788134
21,21,9,1,1,4,4,8,27.517857142857142,0.449663254788134
21,22,9,1,1,4,4,8,27.517857142857142,0.449663254788134
21,23,9,1,1,4,4,8,27.517857142857142,0.449663254788134
21,24,9,1,1,4,4,8,27.517857142857142,0.449663254788134
21,25,9,1,1,4,4,8,27.517857142857142,0.449663254788134
21,26,9,1,1,4,4,8,27.517857142857142,0.449663254788134
21,27,9,1,1,4,4,8,27.517857142857142,0.449663254788134
21,28,9,1,1,4,4,8,27.517857142857142,0.449663254788134
21,29,9,1,1,4,4,8,27.517857142857142,0.449663254788134
21,30,9,1,1,4,4,8,27.517857142857142,0.449663254788134
21,31,9,1,1,4,4,8,27.517857142857142,0.449663254788134
21,32,9,1,1,4,4,8,27.517857142857142,0.449663254788134
21,33,9,1,1,4,4,8,27.517857142857142,0.449663254788134
21,34,9,1,1,4,4,8,27.517857142857142,0.449663254788134
21,35,9,1,1,4,4,8,27.517857142857142,0.449663254788134
21,36,9,1,1,4,4,8,27.517857142857142,0.449663254788134
21,37,9,1,1,4,4,8,27.517857142857142,0.449663254788134
21,38,9,1,1,4,4,8,27.517857142857142,0.449663254788134
21,39,9,1,1,4,4,8,27.517857142857142,0.449663254788134
21,40,9,1,1,4,4,8,27.517857142857142,0.449663254788134
21,41,9,1,1,4,4,8,27.517857142857142,0.449663254788134
21,42,9,1,1,4,4,8,27.517857142857142,0.449663254788134
21,43,9,1,1,4,4,8,27.517857142857142,0.449663254788134
21,44,9,1,1,4,4,8,27.517857142857142,0.449663254788134
21,45,9,1,1,4,4,8,27.517857142857142,0.449663254788134
21,46,9,1,1,4,4,8,27.517857142857142,0.449663254788134
21,47,9,1,1,4,4,8,27.517857142857142,0.449663254788134
21,48,9,1,8,6,3,8,27.395238095238096,0.4491771829501502
21,49,9,1,1,4,4,8,27.517857142857142,0.449663254788134
22,0,9,1,8,6,3,8,27.395238095238096,0.4491771829501502
22,1,9,1,1,4,4,8,27.517857142857142,0.449663254788134
22,2,9,1,8,6,3,8,27.395238095238096,0.4491771829501502
22,3,9,1,1,4,4,8,27.517857142857142,0.449663254788134
22,4,9,1,1,4,4,8,27.517857142857142,0.449663254788134
22,5,9,1,1,4,4,8,27.517857142857142,0.449663254788134
22,6,9,1,1,4,4,8,27.517857142857142,0.449663254788134
22,7,9,1,1,4,4,8,27.517857142857142,0.449663254788134
22,8,9,1,1,4,4,8,27.517857142857142,0.449663254788134
22,9,9,1,1,4,4,8,27.517857142857142,0.449663254788134
22,10,9,1,1,4,4,8,27.517857142857142,0.449663254788134
22,11,9,1,1,4,4,8,27.517857142857142,0.449663254788134
22,12,9,1,1,4,4,8,27.517857142857142,0.449663254788134
22,13,9,1,1,4,4,8,27.517857142857142,0.449663254788134
22,14,9,1,1,4,4,8,27.517857142857142,0.449663254788134
22,15,9,1,1,4,4,8,27.517857142857142,0.449663254788134
22,16,9,1,1,4,4,8,27.517857142857142,0.449663254788134
22,17,9,1,1,4,4,8,27.517857142857142,0.449663254788134
22,18,9,1,1,4,4,8,27.517857142857142,0.449663254788134
22,19,9,1,1,4,4,8,27.517857142857142,0.449663254788134
22,20,9,1,1,4,4,8,27.517857142857142,0.449663254788134
22,21,9,1,1,4,4,8,27.517857142857142,0.449663254788134
22,22,9,1,1,4,4,8,27.517857142857142,0.449663254788134
22,23,9,1,1,4,4,8,27.517857142857142,0.449663254788134
22,24,9,1,1,4,4,8,27.517857142857142,0.449663254788134
22,25,9,1,1,4,4,8,27.517857142857142,0.449663254788134
22,26,9,1,1,4,4,8,27.517857142857142,0.449663254788134
22,27,9,1,8,6,3,8,27.395238095238096,0.4491771829501502
22,28,9,1,1,4,4,8,27.517857142857142,0.449663254788134
22,29,9,1,1,4,4,8,27.517857142857142,0.449663254788134
22,30,9,1,1,4,4,8,27.517857142857142,0.449663254788134
22,31,9,1,8,6,3,8,27.395238095238096,0.4491771829501502
22,32,9,1,1,4,4,8,27.517857142857142,0.449663254788134
22,33,9,1,1,4,4,8,27.517857142857142,0.449663254788134
22,34,9,1,1,4,4,8,27.517857142857142,0.449663254788134
22,35,9,1,1,4,4,8,27.517857142857142,0.449663254788134
22,36,9,1,1,4,4,8,27.517857142857142,0.449663254788134
22,37,9,1,1,4,4,8,27.517857142857142,0.449663254788134
22,38,9,1,1,4,4,8,27.517857142857142,0.449663254788134
22,39,9,1,1,4,4,8,27.517857142857142,0.449663254788134
22,40,9,1,1,4,4,8,27.517857142857142,0.449663254788134
22,41,9,1,1,4,4,8,27.517857142857142,0.449663254788134
22,42,9,1,1,4,4,8,27.517857142857142,0.449663254788134
22,43,9,1,1,4,4,8,27.517857142857142,0.449663254788134
22,44,9,1,1,4,4,8,27.517857142857142,0.449663254788134
22,45,9,1,1,4,4,8,27.517857142857142,0.449663254788134
22,46,9,1,1,4,4,8,27.517857142857142,0.449663254788134
22,47,9,1,1,4,4,8,27.517857142857142,0.449663254788134
22,48,9,1,1,4,4,8,27.517857142857142,0.449663254788134
22,49,9,1,1,4,4,8,27.517857142857142,0.449663254788134
23,0,9,1,1,4,4,8,27.517857142857142,0.449663254788134
23,1,9,1,8,6,3,8,27.395238095238096,0.4491771829501502
23,2,9,1,8,6,3,8,27.395238095238096,0.4491771829501502
23,3,9,1,1,4,4,8,27.517857142857142,0.449663254788134
23,4,9,1,1,4,4,8,27.517857142857142,0.449663254788134
23,5,9,1,1,4,4,8,27.517857142857142,0.449663254788134
23,6,9,1,1,4,4,8,27.517857142857142,0.449663254788134
23,7,9,1,1,4,4,8,27.517857142857142,0.449663254788134
23,8,9,1,1,4,4,8,27.517857142857142,0.449663254788134
23,9,9,1,1,4,4,8,27.517857142857142,0.449663254788134
23,10,9,1,8,6,3,8,27.395238095238096,0.4491771829501502
23,11,9,1,1,4,4,8,27.517857142857142,0.449663254788134
23,12,9,1,1,4,4,8,27.517857142857142,0.449663254788134
23,13,9,1,1,4,4,8,27.517857142857142,0.449663254788134
23,14,9,1,1,4,4,8,27.517857142857142,0.449663254788134
23,15,9,1,1,4,4,8,27.517857142857142,0.449663254788134
23,16,9,1,1,4,4,8,27.517857142857142,0.449663254788134
23,17,9,1,1,4,4,8,27.517857142857142,0.449663254788134
23,18,9,1,1,4,4,8,27.517857142857142,0.449663254788134
23,19,9,1,1,4,4,8,27.517857142857142,0.449663254788134
23,20,9,1,1,4,4,8,27.517857142857142,0.449663254788134
23,21,9,1,1,4,4,8,27.517857142857142,0.449663254788134
23,22,9,1,1,4,4,8,27.517857142857142,0.449663254788134
23,23,9,1,1,4,4,8,27.517857142857142,0.449663254788134
23,24,9,1,1,4,4,8,27.517857142857142,0.449663254788134
23,25,9,1,1,4,4,8,27.517857142857142,0.449663254788134
23,26,9,1,1,4,4,8,27.517857142857142,0.449663254788134
23,27,9,1,1,4,4,8,27.517857142857142,0.449663254788134
23,28,9,1,1,4,4,8,27.517857142857142,0.449663254788134
23,29,9,1,1,4,4,8,27.517857142857142,0.449663254788134
23,30,9,1,1,4,4,8,27.517857142857142,0.449663254788134
23,31,9,1,1,4,4,8,27.517857142857142,0.449663254788134
23,32,9,1,1,4,4,8,27.517857142857142,0.449663254788134
23,33,9,1,1,4,4,8,27.517857142857142,0.449663254788134
23,34,9,1,8,6,3,8,27.395238095238096,0.4491771829501502
23,35,9,1,1,4,4,8,27.517857142857142,0.449663254788134
23,36,9,1,1,4,4,8,27.517857142857142,0.449663254788134
23,37,9,1,1,4,4,8,27.517857142857142,0.449663254788134
23,38,9,1,1,4,4,8,27.517857142857142,0.449663254788134
23,39,9,1,1,4,4,8,27.517857142857142,0.449663254788134
23,40,9,1,8,6,3,8,27.395238095238096,0.4491771829501502
23,41,9,1,1,4,4,8,27.517857142857142,0.449663254788134
23,42,9,1,1,4,4,8,27.517857142857142,0.449663254788134
23,43,9,1,1,4,4,8,27.517857142857142,0.449663254788134
23,44,9,1,1,4,4,8,27.517857142857142,0.449663254788134
23,45,9,1,1,4,4,8,27.517857142857142,0.449663254788134
23,46,9,1,1,4,4,8,27.517857142857142,0.449663254788134
23,47,9,1,1,4,4,8,27.517857142857142,0.449663254788134
23,48,9,1,1,4,4,8,27.517857142857142,0.449663254788134
23,49,9,1,1,4,4,8,27.517857142857142,0.449663254788134
24,0,9,1,8,6,3,8,27.395238095238096,0.4491771829501502
24,1,9,1,1,4,4,8,27.517857142857142,0.449663254788134
24,2,9,1,8,6,3,8,27.395238095238096,0.4491771829501502
24,3,9,1,1,4,4,8,27.517857142857142,0.449663254788134
24,4,9,1,1,4,4,8,27.517857142857142,0.449663254788134
24,5,9,1,8,6,3,8,27.395238095238096,0.4491771829501502
24,6,9,1,1,4,4,8,27.517857142857142,0.449663254788134
24,7,9,1,1,4,4,8,27.517857142857142,0.449663254788134
24,8,9,1,1,4,4,8,27.517857142857142,0.449663254788134
24,9,9,1,1,4,4,8,27.517857142857142,0.449663254788134
24,10,9,1,1,4,4,8,27.517857142857142,0.449663254788134
24,11,9,1,1,4,4,8,27.517857142857142,0.449663254788134
24,12,9,1,1,4,4,8,27.517857142857142,0.449663254788134
24,13,9,1,1,4,4,8,27.517857142857142,0.449663254788134
24,14,9,1,1,4,4,8,27.517857142857142,0.449663254788134
24,15,9,1,1,4,4,8,27.517857142857142,0.449663254788134
24,16,9,1,8,6,3,8,27.395238095238096,0.4491771829501502
24,17,9,1,1,4,4,8,27.517857142857142,0.449663254788134
24,18,9,1,1,4,4,8,27.517857142857142,0.449663254788134
24,19,9,1,1,4,4,8,27.517857142857142,0.449663254788134
24,20,9,1,1,4,4,8,27.517857142857142,0.449663254788134
24,21,9,1,8,6,3,8,27.395238095238096,0.4491771829501502
24,22,9,1,1,4,4,8,27.517857142857142,0.449663254788134
24,23,9,1,1,4,4,8,27.517857142857142,0.449663254788134
24,24,9,1,1,4,4,8,27.517857142857142,0.449663254788134
24,25,9,1,1,4,4,8,27.517857142857142,0.449663254788134
24,26,9,1,1,4,4,8,27.517857142857142,0.449663254788134
24,27,9,1,1,4,4,8,27.517857142857142,0.449663254788134
24,28,9,1,1,4,4,8,27.517857142857142,0.449663254788134
24,29,9,1,1,4,4,8,27.517857142857142,0.449663254788134
24,30,9,1,1,4,4,8,27.517857142857142,0.449663254788134
24,31,9,1,1,4,4,8,27.517857142857142,0.449663254788134
24,32,9,1,1,4,4,8,27.517857142857142,0.449663254788134
24,33,9,1,1,4,4,8,27.517857142857142,0.449663254788134
24,34,9,1,1,4,4,8,27.517857142857142,0.449663254788134
24,35,9,1,1,4,4,8,27.517857142857142,0.449663254788134
24,36,9,1,1,4,4,8,27.517857142857142,0.449663254788134
24,37,9,1,1,4,4,8,27.517857142857142,0.449663254788134
24,38,9,1,1,4,4,8,27.517857142857142,0.449663254788134
24,39,9,1,1,4,4,8,27.517857142857142,0.449663254788134
24,40,9,1,1,4,4,8,27.517857142857142,0.449663254788134
24,41,9,1,1,4,4,8,27.517857142857142,0.449663254788134
24,42,9,1,1,4,4,8,27.517857142857142,0.449663254788134
24,43,9,1,1,4,4,8,27.517857142857142,0.449663254788134
24,44,9,1,1,4,4,8,27.517857142857142,0.449663254788134
24,45,9,1,1,4,4,8,27.517857142857142,0.449663254788134
24,46,9,1,8,6,3,8,27.395238095238096,0.4491771829501502
24,47,9,1,1,4,4,8,27.517857142857142,0.449663254788134
24,48,9,1,1,4,4,8,27.517857142857142,0.449663254788134
24,49,9,1,8,6,3,8,27.395238095238096,0.4491771829501502
25,0,9,1,8,6,3,8,27.395238095238096,0.4491771829501502
25,1,9,1,8,6,3,8,27.395238095238096,0.4491771829501502
25,2,9,1,1,4,4,8,27.517857142857142,0.449663254788134
25,3,9,1,1,4,4,8,27.517857142857142,0.449663254788134
25,4,9,1,1,4,4,8,27.517857142857142,0.449663254788134
25,5,9,1,1,4,4,8,27.517857142857142,0.449663254788134
25,6,9,1,1,4,4,8,27.517857142857142,0.449663254788134
25,7,9,1,1,4,4,8,27.517857142857142,0.449663254788134
25,8,9,1,1,4,4,8,27.517857142857142,0.449663254788134
25,9,9,1,1,4,4,8,27.517857142857142,0.449663254788134
25,10,9,1,1,4,4,8,27.517857142857142,0.449663254788134
25,11,9,1,1,4,4,8,27.517857142857142,0.449663254788134
25,12,9,1,1,4,4,8,27.517857142857142,0.449663254788134
25,13,9,1,1,4,4,8,27.517857142857142,0.449663254788134
25,14,9,1,1,4,4,8,27.517857142857142,0.449663254788134
25,15,9,1,1,4,4,8,27.517857142857142,0.449663254788134
25,16,9,1,1,4,4,8,27.517857142857142,0.449663254788134
25,17,9,1,1,4,4,8,27.517857142857142,0.449663254788134
25,18,9,1,1,4,4,8,27.517857142857142,0.449663254788134
25,19,9,1,1,4,4,8,27.517857142857142,0.449663254788134
25,20,9,1,1,4,4,8,27.517857142857142,0.449663254788134
25,21,9,1,8,6,3,8,27.395238095238096,0.4491771829501502
25,22,9,1,1,4,4,8,27.517857142857142,0.449663254788134
25,23,9,1,1,4,4,8,27.517857142857142,0.449663254788134
25,24,9,1,1,4,4,8,27.517857142857142,0.449663254788134
25,25,9,1,1,4,4,8,27.517857142857142,0.449663254788134
25,26,9,1,1,4,4,8,27.517857142857142,0.449663254788134
25,27,9,1,1,4,4,8,27.517857142857142,0.449663254788134
25,28,9,1,1,4,4,8,27.517857142857142,0.449663254788134
25,29,9,1,1,4,4,8,27.517857142857142,0.449663254788134
25,30,9,1,8,6,3,8,27.395238095238096,0.4491771829501502
25,31,9,1,1,4,4,8,27.517857142857142,0.449663254788134
25,32,9,1,8,6,3,8,27.395238095238096,0.4491771829501502
25,33,9,1,1,4,4,8,27.517857142857142,0.449663254788134
25,34,9,1,1,4,4,8,27.517857142857142,0.449663254788134
25,35,9,1,1,4,4,8,27.517857142857142,0.449663254788134
25,36,9,1,1,4,4,8,27.517857142857142,0.449663254788134
25,37,9,1,1,4,4,8,27.517857142857142,0.449663254788134
25,38,9,1,1,4,4,8,27.517857142857142,0.449663254788134
25,39,9,1,8,6,3,8,27.395238095238096,0.4491771829501502
25,40,9,1,1,4,4,8,27.517857142857142,0.449663254788134
25,41,9,1,1,4,4,8,27.517857142857142,0.449663254788134
25,42,9,1,1,4,4,8,27.517857142857142,0.449663254788134
25,43,9,1,1,4,4,8,27.517857142857142,0.449663254788134
25,44,9,1,1,4,4,8,27.517857142857142,0.449663254788134
25,45,9,1,1,4,4,8,27.517857142857142,0.449663254788134
25,46,9,1,1,4,4,8,27.517857142857142,0.449663254788134
25,47,9,1,1,4,4,8,27.517857142857142,0.449663254788134
25,48,9,1,8,6,3,8,27.395238095238096,0.4491771829501502
25,49,9,1,1,4,4,8,27.517857142857142,0.449663254788134
26,0,9,1,1,4,4,8,27.517857142857142,0.449663254788134
26,1,9,1,8,6,3,8,27.395238095238096,0.4491771829501502
26,2,9,1,1,4,4,8,27.517857142857142,0.449663254788134
26,3,9,1,8,6,3,8,27.395238095238096,0.4491771829501502
26,4,9,1,1,4,4,8,27.517857142857142,0.449663254788134
26,5,9,1,1,4,4,8,27.517857142857142,0.449663254788134
26,6,9,1,1,4,4,8,27.517857142857142,0.449663254788134
26,7,9,1,8,6,3,8,27.395238095238096,0.4491771829501502
26,8,9,1,1,4,4,8,27.517857142857142,0.449663254788134
26,9,9,1,1,4,4,8,27.517857142857142,0.449663254788134
26,10,9,1,1,4,4,8,27.517857142857142,0.449663254788134
26,11,9,1,1,4,4,8,27.517857142857142,0.449663254788134
26,12,9,1,1,4,4,8,27.517857142857142,0.449663254788134
26,13,9,1,1,4,4,8,27.517857142857142,0.449663254788134
26,14,9,1,1,4,4,8,27.517857142857142,0.449663254788134
26,15,9,1,1,4,4,8,27.517857142857142,0.449663254788134
26,16,9,1,1,4,4,8,27.517857142857142,0.449663254788134
26,17,9,1,1,4,4,8,27.517857142857142,0.449663254788134
26,18,9,1,1,4,4,8,27.517857142857142,0.449663254788134
26,19,9,1,1,4,4,8,27.517857142857142,0.449663254788134
26,20,9,1,1,4,4,8,27.517857142857142,0.449663254788134
26,21,9,1,8,6,3,8,27.395238095238096,0.4491771829501502
26,22,9,1,1,4,4,8,27.517857142857142,0.449663254788134
26,23,9,1,1,4,4,8,27.517857142857142,0.449663254788134
26,24,9,1,1,4,4,8,27.517857142857142,0.449663254788134
26,25,9,1,1,4,4,8,27.517857142857142,0.449663254788134
26,26,9,1,1,4,4,8,27.517857142857142,0.449663254788134
26,27,9,1,1,4,4,8,27.517857142857142,0.449663254788134
26,28,9,1,1,4,4,8,27.517857142857142,0.449663254788134
26,29,9,1,1,4,4,8,27.517857142857142,0.449663254788134
26,30,9,1,1,4,4,8,27.517857142857142,0.449663254788134
26,31,9,1,1,4,4,8,27.517857142857142,0.449663254788134
26,32,9,1,1,4,4,8,27.517857142857142,0.449663254788134
26,33,9,1,1,4,4,8,27.517857142857142,0.449663254788134
26,34,9,1,8,6,3,8,27.395238095238096,0.4491771829501502
26,35,9,1,1,4,4,8,27.517857142857142,0.449663254788134
26,36,9,1,1,4,4,8,27.517857142857142,0.449663254788134
26,37,9,1,1,4,4,8,27.517857142857142,0.449663254788134
26,38,9,1,1,4,4,8,27.517857142857142,0.449663254788134
26,39,9,1,1,4,4,8,27.517857142857142,0.449663254788134
26,40,9,1,1,4,4,8,27.517857142857142,0.449663254788134
26,41,9,1,1,4,4,8,27.517857142857142,0.449663254788134
26,42,9,1,1,4,4,8,27.517857142857142,0.449663254788134
26,43,9,1,1,4,4,8,27.517857142857142,0.449663254788134
26,44,9,1,1,4,4,8,27.517857142857142,0.449663254788134
26,45,9,1,1,4,4,8,27.517857142857142,0.449663254788134
26,46,9,1,8,6,3,8,27.395238095238096,0.4491771829501502
26,47,9,1,1,4,4,8,27.517857142857142,0.449663254788134
26,48,9,1,1,4,4,8,27.517857142857142,0.449663254788134
26,49,9,1,1,4,4,8,27.517857142857142,0.449663254788134
27,0,9,1,8,6,3,8,27.395238095238096,0.4491771829501502
27,1,9,1,1,4,4,8,27.517857142857142,0.449663254788134
27,2,9,1,8,6,3,8,27.395238095238096,0.4491771829501502
27,3,9,1,1,4,4,8,27.517857142857142,0.449663254788134
27,4,9,1,1,4,4,8,27.517857142857142,0.449663254788134
27,5,9,1,8,6,3,8,27.395238095238096,0.4491771829501502
27,6,9,1,1,4,4,8,27.517857142857142,0.449663254788134
27,7,9,1,8,6,3,8,27.395238095238096,0.4491771829501502
27,8,9,1,1,4,4,8,27.517857142857142,0.449663254788134
27,9,9,1,1,4,4,8,27.517857142857142,0.449663254788134
27,10,9,1,1,4,4,8,27.517857142857142,0.449663254788134
27,11,9,1,1,4,4,8,27.517857142857142,0.449663254788134
27,12,9,1,1,4,4,8,27.517857142857142,0.449663254788134
27,13,9,1,1,4,4,8,27.517857142857142,0.449663254788134
27,14,9,1,1,4,4,8,27.517857142857142,0.449663254788134
27,15,9,1,1,4,4,8,27.517857142857142,0.449663254788134
27,16,9,1,1,4,4,8,27.517857142857142,0.449663254788134
27,17,9,1,1,4,4,8,27.517857142857142,0.449663254788134
27,18,9,1,1,4,4,8,27.517857142857142,0.449663254788134
27,19,9,1,1,4,4,8,27.517857142857142,0.449663254788134
27,20,9,1,1,4,4,8,27.517857142857142,0.449663254788134
27,21,9,1,1,4,4,8,27.517857142857142,0.449663254788134
27,22,9,1,1,4,4,8,27.517857142857142,0.449663254788134
27,23,9,1,1,4,4,8,27.517857142857142,0.449663254788134
27,24,9,1,1,4,4,8,27.517857142857142,0.449663254788134
27,25,9,1,1,4,4,8,27.517857142857142,0.449663254788134
27,26,9,1,1,4,4,8,27.517857142857142,0.449663254788134
27,27,9,1,1,4,4,8,27.517857142857142,0.449663254788134
27,28,9,1,1,4,4,8,27.517857142857142,0.449663254788134
27,29,9,1,1,4,4,8,27.517857142857142,0.449663254788134
27,30,9,1,1,4,4,8,27.517857142857142,0.449663254788134
27,31,9,1,8,6,3,8,27.395238095238096,0.4491771829501502
27,32,9,1,1,4,4,8,27.517857142857142,0.449663254788134
27,33,9,1,1,4,4,8,27.517857142857142,0.449663254788134
27,34,9,1,1,4,4,8,27.517857142857142,0.449663254788134
27,35,9,1,1,4,4,8,27.517857142857142,0.449663254788134
27,36,9,1,1,4,4,8,27.517857142857142,0.449663254788134
27,37,9,1,1,4,4,8,27.517857142857142,0.449663254788134
27,38,9,1,1,4,4,8,27.517857142857142,0.449663254788134
27,39,9,1,1,4,4,8,27.517857142857142,0.449663254788134
27,40,9,1,1,4,4,8,27.517857142857142,0.449663254788134
27,41,9,1,1,4,4,8,27.517857142857142,0.449663254788134
27,42,9,1,1,4,4,8,27.517857142857142,0.449663254788134
27,43,9,1,1,4,4,8,27.517857142857142,0.449663254788134
27,44,9,1,1,4,4,8,27.517857142857142,0.449663254788134
27,45,9,1,1,4,4,8,27.517857142857142,0.449663254788134
27,46,9,1,1,4,4,8,27.517857142857142,0.449663254788134
27,47,9,1,1,4,4,8,27.517857142857142,0.449663254788134
27,48,9,1,1,4,4,8,27.517857142857142,0.449663254788134
27,49,9,1,1,4,4,8,27.517857142857142,0.449663254788134
28,0,9,1,1,4,4,8,27.517857142857142,0.449663254788134
28,1,9,1,8,6,3,8,27.395238095238096,0.4491771829501502
28,2,9,1,8,6,3,8,27.395238095238096,0.4491771829501502
28,3,9,1,1,4,4,8,27.517857142857142,0.449663254788134
28,4,9,1,1,4,4,8,27.517857142857142,0.449663254788134
28,5,9,1,1,4,4,8,27.517857142857142,0.449663254788134
28,6,9,1,1,4,4,8,27.517857142857142,0.449663254788134
28,7,9,1,1,4,4,8,27.517857142857142,0.449663254788134
28,8,9,1,1,4,4,8,27.517857142857142,0.449663254788134
28,9,9,1,1,4,4,8,27.517857142857142,0.449663254788134
28,10,9,1,1,4,4,8,27.517857142857142,0.449663254788134
28,11,9,1,1,4,4,8,27.517857142857142,0.449663254788134
28,12,9,1,1,4,4,8,27.517857142857142,0.449663254788134
28,13,9,1,1,4,4,8,27.517857142857142,0.449663254788134
28,14,9,1,1,4,4,8,27.517857142857142,0.449663254788134
28,15,9,1,1,4,4,8,27.517857142857142,0.449663254788134
28,16,9,1,1,4,4,8,27.517857142857142,0.449663254788134
28,17,9,1,1,4,4,8,27.517857142857142,0.449663254788134
28,18,9,1,1,4,4,8,27.517857142857142,0.449663254788134
28,19,9,1,1,4,4,8,27.517857142857142,0.449663254788134
28,20,9,1,1,4,4,8,27.517857142857142,0.449663254788134
28,21,9,1,1,4,4,8,27.517857142857142,0.449663254788134
28,22,9,1,1,4,4,8,27.517857142857142,0.449663254788134
28,23,9,1,1,4,4,8,27.517857142857142,0.449663254788134
28,24,9,1,1,4,4,8,27.517857142857142,0.449663254788134
28,25,9,1,1,4,4,8,27.517857142857142,0.449663254788134
28,26,9,1,1,4,4,8,27.517857142857142,0.449663254788134
28,27,9,1,1,4,4,8,27.517857142857142,0.449663254788134
28,28,9,1,1,4,4,8,27.517857142857142,0.449663254788134
28,29,9,1,8,6,3,8,27.395238095238096,0.4491771829501502
28,30,9,1,1,4,4,8,27.517857142857142,0.449663254788134
28,31,9,1,1,4,4,8,27.517857142857142,0.449663254788134
28,32,9,1,1,4,4,8,27.517857142857142,0.449663254788134
28,33,9,1,1,4,4,8,27.517857142857142,0.449663254788134
28,34,9,1,1,4,4,8,27.517857142857142,0.449663254788134
28,35,9,1,1,4,4,8,27.517857142857142,0.449663254788134
28,36,9,1,1,4,4,8,27.517857142857142,0.449663254788134
28,37,9,1,1,4,4,8,27.517857142857142,0.449663254788134
28,38,9,1,1,4,4,8,27.517857142857142,0.449663254788134
28,39,9,1,1,4,4,8,27.517857142857142,0.449663254788134
28,40,9,1,1,4,4,8,27.517857142857142,0.449663254788134
28,41,9,1,1,4,4,8,27.517857142857142,0.449663254788134
28,42,9,1,1,4,4,8,27.517857142857142,0.449663254788134
28,43,9,1,1,4,4,8,27.517857142857142,0.449663254788134
28,44,9,1,1,4,4,8,27.517857142857142,0.449663254788134
28,45,9,1,8,6,3,8,27.395238095238096,0.4491771829501502
28,46,9,1,1,4,4,8,27.517857142857142,0.449663254788134
28,47,9,1,1,4,4,8,27.517857142857142,0.449663254788134
28,48,9,1,8,6,3,8,27.395238095238096,0.4491771829501502
28,49,9,1,1,4,4,8,27.517857142857142,0.449663254788134
29,0,9,1,1,4,4,8,27.517857142857142,0.449663254788134
29,1,9,1,1,4,4,8,27.517857142857142,0.449663254788134
29,2,9,1,8,6,3,8,27.395238095238096,0.4491771829501502
29,3,9,1,8,6,3,8,27.395238095238096,0.4491771829501502
29,4,9,1,1,4,4,8,27.517857142857142,0.449663254788134
29,5,9,1,1,4,4,8,27.517857142857142,0.449663254788134
29,6,9,1,1,4,4,8,27.517857142857142,0.449663254788134
29,7,9,1,8,6,3,8,27.395238095238096,0.4491771829501502
29,8,9,1,8,6,3,8,27.395238095238096,0.4491771829501502
29,9,9,1,8,6,3,8,27.395238095238096,0.4491771829501502
29,10,9,1,8,6,3,8,27.395238095238096,0.4491771829501502
29,11,9,1,1,4,4,8,27.517857142857142,0.449663254788134
29,12,9,1,1,4,4,8,27.517857142857142,0.449663254788134
29,13,9,1,1,4,4,8,27.517857142857142,0.449663254788134
29,14,9,1,1,4,4,8,27.517857142857142,0.449663254788134
29,15,9,1,1,4,4,8,27.517857142857142,0.449663254788134
29,16,9,1,1,4,4,8,27.517857142857142,0.449663254788134
29,17,9,1,1,4,4,8,27.517857142857142,0.449663254788134
29,18,9,1,1,4,4,8,27.517857142857142,0.449663254788134
29,19,9,1,1,4,4,8,27.517857142857142,0.449663254788134
29,20,9,1,1,4,4,8,27.517857142857142,0.449663254788134
29,21,9,1,8,6,3,8,27.395238095238096,0.4491771829501502
29,22,9,1,1,4,4,8,27.517857142857142,0.449663254788134
29,23,9,1,1,4,4,8,27.517857142857142,0.449663254788134
29,24,9,1,1,4,4,8,27.517857142857142,0.449663254788134
29,25,9,1,1,4,4,8,27.517857142857142,0.449663254788134
29,26,9,1,1,4,4,8,27.517857142857142,0.449663254788134
29,27,9,1,1,4,4,8,27.517857142857142,0.449663254788134
29,28,9,1,1,4,4,8,27.517857142857142,0.449663254788134
29,29,9,1,1,4,4,8,27.517857142857142,0.449663254788134
29,30,9,1,1,4,4,8,27.517857142857142,0.449663254788134
29,31,9,1,1,4,4,8,27.517857142857142,0.449663254788134
29,32,9,1,8,6,3,8,27.395238095238096,0.4491771829501502
29,33,9,1,1,4,4,8,27.517857142857142,0.449663254788134
29,34,9,1,1,4,4,8,27.517857142857142,0.449663254788134
29,35,9,1,1,4,4,8,27.517857142857142,0.449663254788134
29,36,9,1,1,4,4,8,27.517857142857142,0.449663254788134
29,37,9,1,1,4,4,8,27.517857142857142,0.449663254788134
29,38,9,1,1,4,4,8,27.517857142857142,0.449663254788134
29,39,9,1,1,4,4,8,27.517857142857142,0.449663254788134
29,40,9,1,1,4,4,8,27.517857142857142,0.449663254788134
29,41,9,1,1,4,4,8,27.517857142857142,0.449663254788134
29,42,9,1,1,4,4,8,27.517857142857142,0.449663254788134
29,43,9,1,1,4,4,8,27.517857142857142,0.449663254788134
29,44,9,1,1,4,4,8,27.517857142857142,0.449663254788134
29,45,9,1,1,4,4,8,27.517857142857142,0.449663254788134
29,46,9,1,1,4,4,8,27.517857142857142,0.449663254788134
29,47,9,1,1,4,4,8,27.517857142857142,0.449663254788134
29,48,9,1,1,4,4,8,27.517857142857142,0.449663254788134
29,49,9,1,1,4,4,8,27.517857142857142,0.449663254788134
30,0,9,1,1,4,4,8,27.517857142857142,0.449663254788134
30,1,9,1,8,6,3,8,27.395238095238096,0.4491771829501502
30,2,9,1,8,6,3,8,27.395238095238096,0.4491771829501502
30,3,9,1,1,4,4,8,27.517857142857142,0.449663254788134
30,4,9,1,1,4,4,8,27.517857142857142,0.449663254788134
30,5,9,1,1,4,4,8,27.517857142857142,0.449663254788134
30,6,9,1,1,4,4,8,27.517857142857142,0.449663254788134
30,7,9,1,1,4,4,8,27.517857142857142,0.449663254788134
30,8,9,1,1,4,4,8,27.517857142857142,0.449663254788134
30,9,9,1,1,4,4,8,27.517857142857142,0.449663254788134
30,10,9,1,1,4,4,8,27.517857142857142,0.449663254788134
30,11,9,1,1,4,4,8,27.517857142857142,0.449663254788134
30,12,9,1,1,4,4,8,27.517857142857142,0.449663254788134
30,13,9,1,1,4,4,8,27.517857142857142,0.449663254788134
30,14,9,1,1,4,4,8,27.517857142857142,0.449663254788134
30,15,9,1,8,6,3,8,27.395238095238096,0.4491771829501502
30,16,9,1,1,4,4,8,27.517857142857142,0.449663254788134
30,17,9,1,1,4,4,8,27.517857142857142,0.449663254788134
30,18,9,1,1,4,4,8,27.517857142857142,0.449663254788134
30,19,9,1,1,4,4,8,27.517857142857142,0.449663254788134
30,20,9,1,1,4,4,8,27.517857142857142,0.449663254788134
30,21,9,1,1,4,4,8,27.517857142857142,0.449663254788134
30,22,9,1,1,4,4,8,27.517857142857142,0.449663254788134
30,23,9,1,1,4,4,8,27.517857142857142,0.449663254788134
30,24,9,1,1,4,4,8,27.517857142857142,0.449663254788134
30,25,9,1,1,4,4,8,27.517857142857142,0.449663254788134
30,26,9,1,1,4,4,8,27.517857142857142,0.449663254788134
30,27,9,1,8,6,3,8,27.395238095238096,0.4491771829501502
30,28,9,1,8,6,3,8,27.395238095238096,0.4491771829501502
30,29,9,1,1,4,4,8,27.517857142857142,0.449663254788134
30,30,9,1,1,4,4,8,27.517857142857142,0.449663254788134
30,31,9,1,1,4,4,8,27.517857142857142,0.449663254788134
30,32,9,1,1,4,4,8,27.517857142857142,0.449663254788134
30,33,9,1,1,4,4,8,27.517857142857142,0.449663254788134
30,34,9,1,1,4,4,8,27.517857142857142,0.449663254788134
30,35,9,1,1,4,4,8,27.517857142857142,0.449663254788134
30,36,9,1,1,4,4,8,27.517857142857142,0.449663254788134
30,37,9,1,1,4,4,8,27.517857142857142,0.449663254788134
30,38,9,1,1,4,4,8,27.517857142857142,0.449663254788134
30,39,9,1,1,4,4,8,27.517857142857142,0.449663254788134
30,40,9,1,8,6,3,8,27.395238095238096,0.4491771829501502
30,41,9,1,1,4,4,8,27.517857142857142,0.449663254788134
30,42,9,1,1,4,4,8,27.517857142857142,0.449663254788134
30,43,9,1,1,4,4,8,27.517857142857142,0.449663254788134
30,44,9,1,1,4,4,8,27.517857142857142,0.449663254788134
30,45,9,1,1,4,4,8,27.517857142857142,0.449663254788134
30,46,9,1,1,4,4,8,27.517857142857142,0.449663254788134
30,47,9,1,1,4,4,8,27.517857142857142,0.449663254788134
30,48,9,1,8,6,3,8,27.395238095238096,0.4491771829501502
30,49,9,1,1,4,4,8,27.517857142857142,0.449663254788134
31,0,9,1,8,6,3,8,27.395238095238096,0.4491771829501502
31,1,9,1,8,6,3,8,27.395238095238096,0.4491771829501502
31,2,9,1,1,4,4,8,27.517857142857142,0.449663254788134
31,3,9,1,1,4,4,8,27.517857142857142,0.449663254788134
31,4,9,1,1,4,4,8,27.517857142857142,0.449663254788134
31,5,9,1,1,4,4,8,27.517857142857142,0.449663254788134
31,6,9,1,1,4,4,8,27.517857142857142,0.449663254788134
31,7,9,1,1,4,4,8,27.517857142857142,0.449663254788134
31,8,9,1,1,4,4,8,27.517857142857142,0.449663254788134
31,9,9,1,1,4,4,8,27.517857142857142,0.449663254788134
31,10,9,1,1,4,4,8,27.517857142857142,0.449663254788134
31,11,9,1,1,4,4,8,27.517857142857142,0.449663254788134
31,12,9,1,1,4,4,8,27.517857142857142,0.449663254788134
31,13,9,1,1,4,4,8,27.517857142857142,0.449663254788134
31,14,9,1,1,4,4,8,27.517857142857142,0.449663254788134
31,15,9,1,1,4,4,8,27.517857142857142,0.449663254788134
31,16,9,1,8,6,3,8,27.395238095238096,0.4491771829501502
31,17,9,1,1,4,4,8,27.517857142857142,0.449663254788134
31,18,9,1,1,4,4,8,27.517857142857142,0.449663254788134
31,19,9,1,1,4,4,8,27.517857142857142,0.449663254788134
31,20,9,1,1,4,4,8,27.517857142857142,0.449663254788134
31,21,9,1,1,4,4,8,27.517857142857142,0.449663254788134
31,22,9,1,1,4,4,8,27.517857142857142,0.449663254788134
31,23,9,1,1,4,4,8,27.517857142857142,0.449663254788134
31,24,9,1,1,4,4,8,27.517857142857142,0.449663254788134
31,25,9,1,1,4,4,8,27.517857142857142,0.449663254788134
31,26,9,1,1,4,4,8,27.517857142857142,0.449663254788134
31,27,9,1,1,4,4,8,27.517857142857142,0.449663254788134
31,28,9,1,1,4,4,8,27.517857142857142,0.449663254788134
31,29,9,1,8,6,3,8,27.395238095238096,0.4491771829501502
31,30,9,1,1,4,4,8,27.517857142857142,0.449663254788134
31,31,9,1,1,4,4,8,27.517857142857142,0.449663254788134
31,32,9,1,1,4,4,8,27.517857142857142,0.449663254788134
31,33,9,1,1,4,4,8,27.517857142857142,0.449663254788134
31,34,9,1,1,4,4,8,27.517857142857142,0.449663254788134
31,35,9,1,1,4,4,8,27.517857142857142,0.449663254788134
31,36,9,1,1,4,4,8,27.517857142857142,0.449663254788134
31,37,9,1,1,4,4,8,27.517857142857142,0.449663254788134
31,38,9,1,1,4,4,8,27.517857142857142,0.449663254788134
31,39,9,1,1,4,4,8,27.517857142857142,0.449663254788134
31,40,9,1,1,4,4,8,27.517857142857142,0.449663254788134
31,41,9,1,1,4,4,8,27.517857142857142,0.449663254788134
31,42,9,1,1,4,4,8,27.517857142857142,0.449663254788134
31,43,9,1,1,4,4,8,27.517857142857142,0.449663254788134
31,44,9,1,1,4,4,8,27.517857142857142,0.449663254788134
31,45,9,1,1,4,4,8,27.517857142857142,0.449663254788134
31,46,9,1,8,6,3,8,27.395238095238096,0.4491771829501502
31,47,9,1,1,4,4,8,27.517857142857142,0.449663254788134
31,48,9,1,1,4,4,8,27.517857142857142,0.449663254788134
31,49,9,1,1,4,4,8,27.517857142857142,0.449663254788134
32,0,9,1,1,4,4,8,27.517857142857142,0.449663254788134
32,1,9,1,8,6,3,8,27.395238095238096,0.4491771829501502
32,2,9,1,1,4,4,8,27.517857142857142,0.449663254788134
32,3,9,1,8,6,3,8,27.395238095238096,0.4491771829501502
32,4,9,1,1,4,4,8,27.517857142857142,0.449663254788134
32,5,9,1,1,4,4,8,27.517857142857142,0.449663254788134
32,6,9,1,1,4,4,8,27.517857142857142,0.449663254788134
32,7,9,1,8,6,3,8,27.395238095238096,0.4491771829501502
32,8,9,1,1,4,4,8,27.517857142857142,0.449663254788134
32,9,9,1,1,4,4,8,27.517857142857142,0.449663254788134
32,10,9,1,1,4,4,8,27.517857142857142,0.449663254788134
32,11,9,1,1,4,4,8,27.517857142857142,0.449663254788134
32,12,9,1,1,4,4,8,27.517857142857142,0.449663254788134
32,13,9,1,1,4,4,8,27.517857142857142,0.449663254788134
32,14,9,1,1,4,4,8,27.517857142857142,0.449663254788134
32,15,9,1,1,4,4,8,27.517857142857142,0.449663254788134
32,16,9,1,1,4,4,8,27.517857142857142,0.449663254788134
32,17,9,1,1,4,4,8,27.517857142857142,0.449663254788134
32,18,9,1,1,4,4,8,27.517857142857142,0.449663254788134
32,19,9,1,1,4,4,8,27.517857142857142,0.449663254788134
32,20,9,1,1,4,4,8,27.517857142857142,0.449663254788134
32,21,9,1,1,4,4,8,27.517857142857142,0.449663254788134
32,22,9,1,1,4,4,8,27.517857142857142,0.449663254788134
32,23,9,1,1,4,4,8,27.517857142857142,0.449663254788134
32,24,9,1,1,4,4,8,27.517857142857142,0.449663254788134
32,25,9,1,1,4,4,8,27.517857142857142,0.449663254788134
32,26,9,1,1,4,4,8,27.517857142857142,0.449663254788134
32,27,9,1,1,4,4,8,27.517857142857142,0.449663254788134
32,28,9,1,1,4,4,8,27.517857142857142,0.449663254788134
32,29,9,1,1,4,4,8,27.517857142857142,0.449663254788134
32,30,9,1,1,4,4,8,27.517857142857142,0.449663254788134
32,31,9,1,1,4,4,8,27.517857142857142,0.449663254788134
32,32,9,1,1,4,4,8,27.517857142857142,0.449663254788134
32,33,9,1,1,4,4,8,27.517857142857142,0.449663254788134
32,34,9,1,1,4,4,8,27.517857142857142,0.449663254788134
32,35,9,1,1,4,4,8,27.517857142857142,0.449663254788134
32,36,9,1,8,6,3,8,27.395238095238096,0.4491771829501502
32,37,9,1,1,4,4,8,27.517857142857142,0.449663254788134
32,38,9,1,1,4,4,8,27.517857142857142,0.449663254788134
32,39,9,1,1,4,4,8,27.517857142857142,0.449663254788134
32,40,9,1,1,4,4,8,27.517857142857142,0.449663254788134
32,41,9,1,1,4,4,8,27.517857142857142,0.449663254788134
32,42,9,1,1,4,4,8,27.517857142857142,0.449663254788134
32,43,9,1,1,4,4,8,27.517857142857142,0.449663254788134
32,44,9,1,1,4,4,8,27.517857142857142,0.449663254788134
32,45,9,1,1,4,4,8,27.517857142857142,0.449663254788134
32,46,9,1,1,4,4,8,27.517857142857142,0.449663254788134
32,47,9,1,1,4,4,8,27.517857142857142,0.449663254788134
32,48,9,1,1,4,4,8,27.517857142857142,0.449663254788134
32,49,9,1,8,6,3,8,27.395238095238096,0.4491771829501502
33,0,9,1,1,4,4,8,27.517857142857142,0.449663254788134
33,1,9,1,8,6,3,8,27.395238095238096,0.4491771829501502
33,2,9,1,8,6,3,8,27.395238095238096,0.4491771829501502
33,3,9,1,1,4,4,8,27.517857142857142,0.449663254788134
33,4,9,1,1,4,4,8,27.517857142857142,0.449663254788134
33,5,9,1,1,4,4,8,27.517857142857142,0.449663254788134
33,6,9,1,1,4,4,8,27.517857142857142,0.449663254788134
33,7,9,1,1,4,4,8,27.517857142857142,0.449663254788134
33,8,9,1,1,4,4,8,27.517857142857142,0.449663254788134
33,9,9,1,8,6,3,8,27.395238095238096,0.4491771829501502
33,10,9,1,1,4,4,8,27.517857142857142,0.449663254788134
33,11,9,1,1,4,4,8,27.517857142857142,0.449663254788134
33,12,9,1,1,4,4,8,27.517857142857142,0.449663254788134
33,13,9,1,1,4,4,8,27.517857142857142,0.449663254788134
33,14,9,1,1,4,4,8,27.517857142857142,0.449663254788134
33,15,9,1,1,4,4,8,27.517857142857142,0.449663254788134
33,16,9,1,8,6,3,8,27.395238095238096,0.4491771829501502
33,17,9,1,1,4,4,8,27.517857142857142,0.449663254788134
33,18,9,1,1,4,4,8,27.517857142857142,0.449663254788134
33,19,9,1,1,4,4,8,27.517857142857142,0.449663254788134
33,20,9,1,1,4,4,8,27.517857142857142,0.449663254788134
33,21,9,1,8,6,3,8,27.395238095238096,0.4491771829501502
33,22,9,1,1,4,4,8,27.517857142857142,0.449663254788134
33,23,9,1,1,4,4,8,27.517857142857142,0.449663254788134
33,24,9,1,1,4,4,8,27.517857142857142,0.449663254788134
33,25,9,1,1,4,4,8,27.517857142857142,0.449663254788134
33,26,9,1,1,4,4,8,27.517857142857142,0.449663254788134
33,27,9,1,1,4,4,8,27.517857142857142,0.449663254788134
33,28,9,1,1,4,4,8,27.517857142857142,0.449663254788134
33,29,9,1,1,4,4,8,27.517857142857142,0.449663254788134
33,30,9,1,1,4,4,8,27.517857142857142,0.449663254788134
33,31,9,1,1,4,4,8,27.517857142857142,0.449663254788134
33,32,9,1,1,4,4,8,27.517857142857142,0.449663254788134
33,33,9,1,1,4,4,8,27.517857142857142,0.449663254788134
33,34,9,1,1,4,4,8,27.517857142857142,0.449663254788134
33,35,9,1,1,4,4,8,27.517857142857142,0.449663254788134
33,36,9,1,8,6,3,8,27.395238095238096,0.4491771829501502
33,37,9,1,1,4,4,8,27.517857142857142,0.449663254788134
33,38,9,1,1,4,4,8,27.517857142857142,0.449663254788134
33,39,9,1,1,4,4,8,27.517857142857142,0.449663254788134
33,40,9,1,1,4,4,8,27.517857142857142,0.449663254788134
33,41,9,1,1,4,4,8,27.517857142857142,0.449663254788134
33,42,9,1,1,4,4,8,27.517857142857142,0.449663254788134
33,43,9,1,1,4,4,8,27.517857142857142,0.449663254788134
33,44,9,1,1,4,4,8,27.517857142857142,0.449663254788134
33,45,9,1,1,4,4,8,27.517857142857142,0.449663254788134
33,46,9,1,1,4,4,8,27.517857142857142,0.449663254788134
33,47,9,1,1,4,4,8,27.517857142857142,0.449663254788134
33,48,9,1,1,4,4,8,27.517857142857142,0.449663254788134
33,49,9,1,1,4,4,8,27.517857142857142,0.449663254788134
34,0,9,1,1,4,4,8,27.517857142857142,0.449663254788134
34,1,9,1,8,6,3,8,27.395238095238096,0.4491771829501502
34,2,9,1,8,6,3,8,27.395238095238096,0.4491771829501502
34,3,9,1,1,4,4,8,27.517857142857142,0.449663254788134
34,4,9,1,1,4,4,8,27.517857142857142,0.449663254788134
34,5,9,1,1,4,4,8,27.517857142857142,0.449663254788134
34,6,9,1,1,4,4,8,27.517857142857142,0.449663254788134
34,7,9,1,8,6,3,8,27.395238095238096,0.4491771829501502
34,8,9,1,1,4,4,8,27.517857142857142,0.449663254788134
34,9,9,1,8,6,3,8,27.395238095238096,0.4491771829501502
34,10,9,1,1,4,4,8,27.517857142857142,0.449663254788134
34,11,9,1,1,4,4,8,27.517857142857142,0.449663254788134
34,12,9,1,1,4,4,8,27.517857142857142,0.449663254788134
34,13,9,1,1,4,4,8,27.517857142857142,0.449663254788134
34,14,9,1,1,4,4,8,27.517857142857142,0.449663254788134
34,15,9,1,1,4,4,8,27.517857142857142,0.449663254788134
34,16,9,1,1,4,4,8,27.517857142857142,0.449663254788134
34,17,9,1,1,4,4,8,27.517857142857142,0.449663254788134
34,18,9,1,1,4,4,8,27.517857142857142,0.449663254788134
34,19,9,1,1,4,4,8,27.517857142857142,0.449663254788134
34,20,9,1,1,4,4,8,27.517857142857142,0.449663254788134
34,21,9,1,1,4,4,8,27.517857142857142,0.449663254788134
34,22,9,1,8,6,3,8,27.395238095238096,0.4491771829501502
34,23,9,1,8,6,3,8,27.395238095238096,0.4491771829501502
34,24,9,1,1,4,4,8,27.517857142857142,0.449663254788134
34,25,9,1,1,4,4,8,27.517857142857142,0.449663254788134
34,26,9,1,1,4,4,8,27.517857142857142,0.449663254788134
34,27,9,1,1,4,4,8,27.517857142857142,0.449663254788134
34,28,9,1,1,4,4,8,27.517857142857142,0.449663254788134
34,29,9,1,1,4,4,8,27.517857142857142,0.449663254788134
34,30,9,1,1,4,4,8,27.517857142857142,0.449663254788134
34,31,9,1,1,4,4,8,27.517857142857142,0.449663254788134
34,32,9,1,1,4,4,8,27.517857142857142,0.449663254788134
34,33,9,1,1,4,4,8,27.517857142857142,0.449663254788134
34,34,9,1,1,4,4,8,27.517857142857142,0.449663254788134
34,35,9,1,1,4,4,8,27.517857142857142,0.449663254788134
34,36,9,1,1,4,4,8,27.517857142857142,0.449663254788134
34,37,9,1,1,4,4,8,27.517857142857142,0.449663254788134
34,38,9,1,1,4,4,8,27.517857142857142,0.449663254788134
34,39,9,1,1,4,4,8,27.517857142857142,0.449663254788134
34,40,9,1,1,4,4,8,27.517857142857142,0.449663254788134
34,41,9,1,1,4,4,8,27.517857142857142,0.449663254788134
34,42,9,1,1,4,4,8,27.517857142857142,0.449663254788134
34,43,9,1,1,4,4,8,27.517857142857142,0.449663254788134
34,44,9,1,1,4,4,8,27.517857142857142,0.449663254788134
34,45,9,1,1,4,4,8,27.517857142857142,0.449663254788134
34,46,9,1,1,4,4,8,27.517857142857142,0.449663254788134
34,47,9,1,1,4,4,8,27.517857142857142,0.449663254788134
34,48,9,1,1,4,4,8,27.517857142857142,0.449663254788134
34,49,9,1,1,4,4,8,27.517857142857142,0.449663254788134
35,0,9,1,8,6,3,8,27.395238095238096,0.4491771829501502
35,1,9,1,8,6,3,8,27.395238095238096,0.4491771829501502
35,2,9,1,1,4,4,8,27.517857142857142,0.449663254788134
35,3,9,1,1,4,4,8,27.517857142857142,0.449663254788134
35,4,9,1,1,4,4,8,27.517857142857142,0.449663254788134
35,5,9,1,1,4,4,8,27.517857142857142,0.449663254788134
35,6,9,1,1,4,4,8,27.517857142857142,0.449663254788134
35,7,9,1,8,6,3,8,27.395238095238096,0.4491771829501502
35,8,9,1,1,4,4,8,27.517857142857142,0.449663254788134
35,9,9,1,1,4,4,8,27.517857142857142,0.449663254788134
35,10,9,1,1,4,4,8,27.517857142857142,0.449663254788134
35,11,9,1,1,4,4,8,27.517857142857142,0.449663254788134
35,12,9,1,1,4,4,8,27.517857142857142,0.449663254788134
35,13,9,1,1,4,4,8,27.517857142857142,0.449663254788134
35,14,9,1,1,4,4,8,27.517857142857142,0.449663254788134
35,15,9,1,1,4,4,8,27.517857142857142,0.449663254788134
35,16,9,1,1,4,4,8,27.517857142857142,0.449663254788134
35,17,9,1,1,4,4,8,27.517857142857142,0.449663254788134
35,18,9,1,1,4,4,8,27.517857142857142,0.449663254788134
35,19,9,1,1,4,4,8,27.517857142857142,0.449663254788134
35,20,9,1,1,4,4,8,27.517857142857142,0.449663254788134
35,21,9,1,8,6,3,8,27.395238095238096,0.4491771829501502
35,22,9,1,1,4,4,8,27.517857142857142,0.449663254788134
35,23,9,1,1,4,4,8,27.517857142857142,0.449663254788134
35,24,9,1,1,4,4,8,27.517857142857142,0.449663254788134
35,25,9,1,1,4,4,8,27.517857142857142,0.449663254788134
35,26,9,1,1,4,4,8,27.517857142857142,0.449663254788134
35,27,9,1,1,4,4,8,27.517857142857142,0.449663254788134
35,28,9,1,1,4,4,8,27.517857142857142,0.449663254788134
35,29,9,1,1,4,4,8,27.517857142857142,0.449663254788134
35,30,9,1,1,4,4,8,27.517857142857142,0.449663254788134
35,31,9,1,1,4,4,8,27.517857142857142,0.449663254788134
35,32,9,1,1,4,4,8,27.517857142857142,0.449663254788134
35,33,9,1,8,6,3,8,27.395238095238096,0.4491771829501502
35,34,9,1,8,6,3,8,27.395238095238096,0.4491771829501502
35,35,9,1,8,6,3,8,27.395238095238096,0.4491771829501502
35,36,9,1,1,4,4,8,27.517857142857142,0.449663254788134
35,37,9,1,1,4,4,8,27.517857142857142,0.449663254788134
35,38,9,1,1,4,4,8,27.517857142857142,0.449663254788134
35,39,9,1,1,4,4,8,27.517857142857142,0.449663254788134
35,40,9,1,1,4,4,8,27.517857142857142,0.449663254788134
35,41,9,1,1,4,4,8,27.517857142857142,0.449663254788134
35,42,9,1,1,4,4,8,27.517857142857142,0.449663254788134
35,43,9,1,1,4,4,8,27.517857142857142,0.449663254788134
35,44,9,1,1,4,4,8,27.517857142857142,0.449663254788134
35,45,9,1,1,4,4,8,27.517857142857142,0.449663254788134
35,46,9,1,1,4,4,8,27.517857142857142,0.449663254788134
35,47,9,1,1,4,4,8,27.517857142857142,0.449663254788134
35,48,9,1,1,4,4,8,27.517857142857142,0.449663254788134
35,49,9,1,1,4,4,8,27.517857142857142,0.449663254788134
36,0,9,1,8,6,3,8,27.395238095238096,0.4491771829501502
36,1,9,1,1,4,4,8,27.517857142857142,0.449663254788134
36,2,9,1,8,6,3,8,27.395238095238096,0.4491771829501502
36,3,9,1,1,4,4,8,27.517857142857142,0.449663254788134
36,4,9,1,1,4,4,8,27.517857142857142,0.449663254788134
36,5,9,1,1,4,4,8,27.517857142857142,0.449663254788134
36,6,9,1,1,4,4,8,27.517857142857142,0.449663254788134
36,7,9,1,1,4,4,8,27.517857142857142,0.449663254788134
36,8,9,1,1,4,4,8,27.517857142857142,0.449663254788134
36,9,9,1,1,4,4,8,27.517857142857142,0.449663254788134
36,10,9,1,1,4,4,8,27.517857142857142,0.449663254788134
36,11,9,1,1,4,4,8,27.517857142857142,0.449663254788134
36,12,9,1,1,4,4,8,27.517857142857142,0.449663254788134
36,13,9,1,1,4,4,8,27.517857142857142,0.449663254788134
36,14,9,1,1,4,4,8,27.517857142857142,0.449663254788134
36,15,9,1,8,6,3,8,27.395238095238096,0.4491771829501502
36,16,9,1,1,4,4,8,27.517857142857142,0.449663254788134
36,17,9,1,1,4,4,8,27.517857142857142,0.449663254788134
36,18,9,1,1,4,4,8,27.517857142857142,0.449663254788134
36,19,9,1,1,4,4,8,27.517857142857142,0.449663254788134
36,20,9,1,1,4,4,8,27.517857142857142,0.449663254788134
36,21,9,1,1,4,4,8,27.517857142857142,0.449663254788134
36,22,9,1,1,4,4,8,27.517857142857142,0.449663254788134
36,23,9,1,1,4,4,8,27.517857142857142,0.449663254788134
36,24,9,1,1,4,4,8,27.517857142857142,0.449663254788134
36,25,9,1,1,4,4,8,27.517857142857142,0.449663254788134
36,26,9,1,1,4,4,8,27.517857142857142,0.449663254788134
36,27,9,1,1,4,4,8,27.517857142857142,0.449663254788134
36,28,9,1,1,4,4,8,27.517857142857142,0.449663254788134
36,29,9,1,1,4,4,8,27.517857142857142,0.449663254788134
36,30,9,1,1,4,4,8,27.517857142857142,0.449663254788134
36,31,9,1,1,4,4,8,27.517857142857142,0.449663254788134
36,32,9,1,1,4,4,8,27.517857142857142,0.449663254788134
36,33,9,1,1,4,4,8,27.517857142857142,0.449663254788134
36,34,9,1,1,4,4,8,27.517857142857142,0.449663254788134
36,35,9,1,1,4,4,8,27.517857142857142,0.449663254788134
36,36,9,1,1,4,4,8,27.517857142857142,0.449663254788134
36,37,9,1,1,4,4,8,27.517857142857142,0.449663254788134
36,38,9,1,1,4,4,8,27.517857142857142,0.449663254788134
36,39,9,1,1,4,4,8,27.517857142857142,0.449663254788134
36,40,9,1,1,4,4,8,27.517857142857142,0.449663254788134
36,41,9,1,1,4,4,8,27.517857142857142,0.449663254788134
36,42,9,1,1,4,4,8,27.517857142857142,0.449663254788134
36,43,9,1,1,4,4,8,27.517857142857142,0.449663254788134
36,44,9,1,8,6,3,8,27.395238095238096,0.4491771829501502
36,45,9,1,1,4,4,8,27.517857142857142,0.449663254788134
36,46,9,1,1,4,4,8,27.517857142857142,0.449663254788134
36,47,9,1,1,4,4,8,27.517857142857142,0.449663254788134
36,48,9,1,1,4,4,8,27.517857142857142,0.449663254788134
36,49,9,1,1,4,4,8,27.517857142857142,0.449663254788134
37,0,9,1,1,4,4,8,27.517857142857142,0.449663254788134
37,1,9,1,1,4,4,8,27.517857142857142,0.449663254788134
37,2,9,1,8,6,3,8,27.395238095238096,0.4491771829501502
37,3,9,1,8,6,3,8,27.395238095238096,0.4491771829501502
37,4,9,1,1,4,4,8,27.517857142857142,0.449663254788134
37,5,9,1,1,4,4,8,27.517857142857142,0.449663254788134
37,6,9,1,1,4,4,8,27.517857142857142,0.449663254788134
37,7,9,1,1,4,4,8,27.517857142857142,0.449663254788134
37,8,9,1,1,4,4,8,27.517857142857142,0.449663254788134
37,9,9,1,1,4,4,8,27.517857142857142,0.449663254788134
37,10,9,1,1,4,4,8,27.517857142857142,0.449663254788134
37,11,9,1,1,4,4,8,27.517857142857142,0.449663254788134
37,12,9,1,8,6,3,8,27.395238095238096,0.4491771829501502
37,13,9,1,1,4,4,8,27.517857142857142,0.449663254788134
37,14,9,1,1,4,4,8,27.517857142857142,0.449663254788134
37,15,9,1,1,4,4,8,27.517857142857142,0.449663254788134
37,16,9,1,1,4,4,8,27.517857142857142,0.449663254788134
37,17,9,1,1,4,4,8,27.517857142857142,0.449663254788134
37,18,9,1,1,4,4,8,27.517857142857142,0.449663254788134
37,19,9,1,1,4,4,8,27.517857142857142,0.449663254788134
37,20,9,1,1,4,4,8,27.517857142857142,0.449663254788134
37,21,9,1,1,4,4,8,27.517857142857142,0.449663254788134
37,22,9,1,1,4,4,8,27.517857142857142,0.449663254788134
37,23,9,1,1,4,4,8,27.517857142857142,0.449663254788134
37,24,9,1,8,6,3,8,27.395238095238096,0.4491771829501502
37,25,9,1,1,4,4,8,27.517857142857142,0.449663254788134
37,26,9,1,1,4,4,8,27.517857142857142,0.449663254788134
37,27,9,1,1,4,4,8,27.517857142857142,0.449663254788134
37,28,9,1,1,4,4,8,27.517857142857142,0.449663254788134
37,29,9,1,1,4,4,8,27.517857142857142,0.449663254788134
37,30,9,1,1,4,4,8,27.517857142857142,0.449663254788134
37,31,9,1,1,4,4,8,27.517857142857142,0.449663254788134
37,32,9,1,1,4,4,8,27.517857142857142,0.449663254788134
37,33,9,1,1,4,4,8,27.517857142857142,0.449663254788134
37,34,9,1,1,4,4,8,27.517857142857142,0.449663254788134
37,35,9,1,1,4,4,8,27.517857142857142,0.449663254788134
37,36,9,1,1,4,4,8,27.517857142857142,0.449663254788134
37,37,9,1,1,4,4,8,27.517857142857142,0.449663254788134
37,38,9,1,1,4,4,8,27.517857142857142,0.449663254788134
37,39,9,1,1,4,4,8,27.517857142857142,0.449663254788134
37,40,9,1,1,4,4,8,27.517857142857142,0.449663254788134
37,41,9,1,1,4,4,8,27.517857142857142,0.449663254788134
37,42,9,1,1,4,4,8,27.517857142857142,0.449663254788134
37,43,9,1,1,4,4,8,27.517857142857142,0.449663254788134
37,44,9,1,1,4,4,8,27.517857142857142,0.449663254788134
37,45,9,1,1,4,4,8,27.517857142857142,0.449663254788134
37,46,9,1,1,4,4,8,27.517857142857142,0.449663254788134
37,47,9,1,1,4,4,8,27.517857142857142,0.449663254788134
37,48,9,1,1,4,4,8,27.517857142857142,0.449663254788134
37,49,9,1,1,4,4,8,27.517857142857142,0.449663254788134
38,0,9,1,1,4,4,8,27.517857142857142,0.449663254788134
38,1,9,1,1,4,4,8,27.517857142857142,0.449663254788134
38,2,9,1,8,6,3,8,27.395238095238096,0.4491771829501502
38,3,9,1,8,6,3,8,27.395238095238096,0.4491771829501502
38,4,9,1,8,6,3,8,27.395238095238096,0.4491771829501502
38,5,9,1,1,4,4,8,27.517857142857142,0.449663254788134
38,6,9,1,1,4,4,8,27.517857142857142,0.449663254788134
38,7,9,1,1,4,4,8,27.517857142857142,0.449663254788134
38,8,9,1,1,4,4,8,27.517857142857142,0.449663254788134
38,9,9,1,1,4,4,8,27.517857142857142,0.449663254788134
38,10,9,1,1,4,4,8,27.517857142857142,0.449663254788134
38,11,9,1,1,4,4,8,27.517857142857142,0.449663254788134
38,12,9,1,1,4,4,8,27.517857142857142,0.449663254788134
38,13,9,1,1,4,4,8,27.517857142857142,0.449663254788134
38,14,9,1,1,4,4,8,27.517857142857142,0.449663254788134
38,15,9,1,1,4,4,8,27.517857142857142,0.449663254788134
38,16,9,1,1,4,4,8,27.517857142857142,0.449663254788134
38,17,9,1,1,4,4,8,27.517857142857142,0.449663254788134
38,18,9,1,1,4,4,8,27.517857142857142,0.449663254788134
38,19,9,1,1,4,4,8,27.517857142857142,0.449663254788134
38,20,9,1,1,4,4,8,27.517857142857142,0.449663254788134
38,21,9,1,1,4,4,8,27.517857142857142,0.449663254788134
38,22,9,1,1,4,4,8,27.517857142857142,0.449663254788134
38,23,9,1,1,4,4,8,27.517857142857142,0.449663254788134
38,24,9,1,1,4,4,8,27.517857142857142,0.449663254788134
38,25,9,1,1,4,4,8,27.517857142857142,0.449663254788134
38,26,9,1,1,4,4,8,27.517857142857142,0.449663254788134
38,27,9,1,1,4,4,8,27.517857142857142,0.449663254788134
38,28,9,1,1,4,4,8,27.517857142857142,0.449663254788134
38,29,9,1,1,4,4,8,27.517857142857142,0.449663254788134
38,30,9,1,1,4,4,8,27.517857142857142,0.449663254788134
38,31,9,1,1,4,4,8,27.517857142857142,0.449663254788134
38,32,9,1,8,6,3,8,27.395238095238096,0.4491771829501502
38,33,9,1,1,4,4,8,27.517857142857142,0.449663254788134
38,34,9,1,1,4,4,8,27.517857142857142,0.449663254788134
38,35,9,1,1,4,4,8,27.517857142857142,0.449663254788134
38,36,9,1,1,4,4,8,27.517857142857142,0.449663254788134
38,37,9,1,1,4,4,8,27.517857142857142,0.449663254788134
38,38,9,1,1,4,4,8,27.517857142857142,0.449663254788134
38,39,9,1,1,4,4,8,27.517857142857142,0.449663254788134
38,40,9,1,1,4,4,8,27.517857142857142,0.449663254788134
38,41,9,1,1,4,4,8,27.517857142857142,0.449663254788134
38,42,9,1,8,6,3,8,27.395238095238096,0.4491771829501502
38,43,9,1,1,4,4,8,27.517857142857142,0.449663254788134
38,44,9,1,1,4,4,8,27.517857142857142,0.449663254788134
38,45,9,1,1,4,4,8,27.517857142857142,0.449663254788134
38,46,9,1,1,4,4,8,27.517857142857142,0.449663254788134
38,47,9,1,1,4,4,8,27.517857142857142,0.449663254788134
38,48,9,1,1,4,4,8,27.517857142857142,0.449663254788134
38,49,9,1,1,4,4,8,27.517857142857142,0.449663254788134
39,0,9,1,1,4,4,8,27.517857142857142,0.449663254788134
39,1,9,1,1,4,4,8,27.517857142857142,0.449663254788134
39,2,9,1,8,6,3,8,27.395238095238096,0.4491771829501502
39,3,9,1,8,6,3,8,27.395238095238096,0.4491771829501502
39,4,9,1,1,4,4,8,27.517857142857142,0.449663254788134
39,5,9,1,1,4,4,8,27.517857142857142,0.449663254788134
39,6,9,1,1,4,4,8,27.517857142857142,0.449663254788134
39,7,9,1,1,4,4,8,27.517857142857142,0.449663254788134
39,8,9,1,1,4,4,8,27.517857142857142,0.449663254788134
39,9,9,1,1,4,4,8,27.517857142857142,0.449663254788134
39,10,9,1,1,4,4,8,27.517857142857142,0.449663254788134
39,11,9,1,1,4,4,8,27.517857142857142,0.449663254788134
39,12,9,1,1,4,4,8,27.517857142857142,0.449663254788134
39,13,9,1,8,6,3,8,27.395238095238096,0.4491771829501502
39,14,9,1,1,4,4,8,27.517857142857142,0.449663254788134
39,15,9,1,8,6,3,8,27.395238095238096,0.4491771829501502
39,16,9,1,1,4,4,8,27.517857142857142,0.449663254788134
39,17,9,1,1,4,4,8,27.517857142857142,0.449663254788134
39,18,9,1,1,4,4,8,27.517857142857142,0.449663254788134
39,19,9,1,1,4,4,8,27.517857142857142,0.449663254788134
39,20,9,1,1,4,4,8,27.517857142857142,0.449663254788134
39,21,9,1,1,4,4,8,27.517857142857142,0.449663254788134
39,22,9,1,1,4,4,8,27.517857142857142,0.449663254788134
39,23,9,1,1,4,4,8,27.517857142857142,0.449663254788134
39,24,9,1,1,4,4,8,27.517857142857142,0.449663254788134
39,25,9,1,1,4,4,8,27.517857142857142,0.449663254788134
39,26,9,1,1,4,4,8,27.517857142857142,0.449663254788134
39,27,9,1,1,4,4,8,27.517857142857142,0.449663254788134
39,28,9,1,8,6,3,8,27.395238095238096,0.4491771829501502
39,29,9,1,8,6,3,8,27.395238095238096,0.4491771829501502
39,30,9,1,1,4,4,8,27.517857142857142,0.449663254788134
39,31,9,1,1,4,4,8,27.517857142857142,0.449663254788134
39,32,9,1,1,4,4,8,27.517857142857142,0.449663254788134
39,33,9,1,1,4,4,8,27.517857142857142,0.449663254788134
39,34,9,1,1,4,4,8,27.517857142857142,0.449663254788134
39,35,9,1,1,4,4,8,27.517857142857142,0.449663254788134
39,36,9,1,1,4,4,8,27.517857142857142,0.449663254788134
39,37,9,1,1,4,4,8,27.517857142857142,0.449663254788134
39,38,9,1,1,4,4,8,27.517857142857142,0.449663254788134
39,39,9,1,1,4,4,8,27.517857142857142,0.449663254788134
39,40,9,1,8,6,3,8,27.395238095238096,0.4491771829501502
39,41,9,1,1,4,4,8,27.517857142857142,0.449663254788134
39,42,9,1,1,4,4,8,27.517857142857142,0.449663254788134
39,43,9,1,1,4,4,8,27.517857142857142,0.449663254788134
39,44,9,1,1,4,4,8,27.517857142857142,0.449663254788134
39,45,9,1,1,4,4,8,27.517857142857142,0.449663254788134
39,46,9,1,8,6,3,8,27.395238095238096,0.4491771829501502
39,47,9,1,1,4,4,8,27.517857142857142,0.449663254788134
39,48,9,1,1,4,4,8,27.517857142857142,0.449663254788134
39,49,9,1,1,4,4,8,27.517857142857142,0.449663254788134
40,0,9,1,1,4,4,8,27.517857142857142,0.449663254788134
40,1,9,1,8,6,3,8,27.395238095238096,0.4491771829501502
40,2,9,1,1,4,4,8,27.517857142857142,0.449663254788134
40,3,9,1,8,6,3,8,27.395238095238096,0.4491771829501502
40,4,9,1,1,4,4,8,27.517857142857142,0.449663254788134
40,5,9,1,1,4,4,8,27.517857142857142,0.449663254788134
40,6,9,1,1,4,4,8,27.517857142857142,0.449663254788134
40,7,9,1,1,4,4,8,27.517857142857142,0.449663254788134
40,8,9,1,1,4,4,8,27.517857142857142,0.449663254788134
40,9,9,1,1,4,4,8,27.517857142857142,0.449663254788134
40,10,9,1,1,4,4,8,27.517857142857142,0.449663254788134
40,11,9,1,1,4,4,8,27.517857142857142,0.449663254788134
40,12,9,1,1,4,4,8,27.517857142857142,0.449663254788134
40,13,9,1,1,4,4,8,27.517857142857142,0.449663254788134
40,14,9,1,1,4,4,8,27.517857142857142,0.449663254788134
40,15,9,1,1,4,4,8,27.517857142857142,0.449663254788134
40,16,9,1,1,4,4,8,27.517857142857142,0.449663254788134
40,17,9,1,1,4,4,8,27.517857142857142,0.449663254788134
40,18,9,1,8,6,3,8,27.395238095238096,0.4491771829501502
40,19,9,1,1,4,4,8,27.517857142857142,0.449663254788134
40,20,9,1,1,4,4,8,27.517857142857142,0.449663254788134
40,21,9,1,1,4,4,8,27.517857142857142,0.449663254788134
40,22,9,1,8,6,3,8,27.395238095238096,0.4491771829501502
40,23,9,1,1,4,4,8,27.517857142857142,0.449663254788134
40,24,9,1,1,4,4,8,27.517857142857142,0.449663254788134
40,25,9,1,1,4,4,8,27.517857142857142,0.449663254788134
40,26,9,1,1,4,4,8,27.517857142857142,0.449663254788134
40,27,9,1,1,4,4,8,27.517857142857142,0.449663254788134
40,28,9,1,1,4,4,8,27.517857142857142,0.449663254788134
40,29,9,1,1,4,4,8,27.517857142857142,0.449663254788134
40,30,9,1,1,4,4,8,27.517857142857142,0.449663254788134
40,31,9,1,8,6,3,8,27.395238095238096,0.4491771829501502
40,32,9,1,1,4,4,8,27.517857142857142,0.449663254788134
40,33,9,1,1,4,4,8,27.517857142857142,0.449663254788134
40,34,9,1,1,4,4,8,27.517857142857142,0.449663254788134
40,35,9,1,8,6,3,8,27.395238095238096,0.4491771829501502
40,36,9,1,1,4,4,8,27.517857142857142,0.449663254788134
40,37,9,1,1,4,4,8,27.517857142857142,0.449663254788134
40,38,9,1,1,4,4,8,27.517857142857142,0.449663254788134
40,39,9,1,1,4,4,8,27.517857142857142,0.449663254788134
40,40,9,1,1,4,4,8,27.517857142857142,0.449663254788134
40,41,9,1,1,4,4,8,27.517857142857142,0.449663254788134
40,42,9,1,1,4,4,8,27.517857142857142,0.449663254788134
40,43,9,1,1,4,4,8,27.517857142857142,0.449663254788134
40,44,9,1,8,6,3,8,27.395238095238096,0.4491771829501502
40,45,9,1,1,4,4,8,27.517857142857142,0.449663254788134
40,46,9,1,1,4,4,8,27.517857142857142,0.449663254788134
40,47,9,1,1,4,4,8,27.517857142857142,0.449663254788134
40,48,9,1,1,4,4,8,27.517857142857142,0.449663254788134
40,49,9,1,1,4,4,8,27.517857142857142,0.449663254788134
41,0,9,1,1,4,4,8,27.517857142857142,0.449663254788134
41,1,9,1,1,4,4,8,27.517857142857142,0.449663254788134
41,2,9,1,8,6,3,8,27.395238095238096,0.4491771829501502
41,3,9,1,8,6,3,8,27.395238095238096,0.4491771829501502
41,4,9,1,1,4,4,8,27.517857142857142,0.449663254788134
41,5,9,1,1,4,4,8,27.517857142857142,0.449663254788134
41,6,9,1,1,4,4,8,27.517857142857142,0.449663254788134
41,7,9,1,1,4,4,8,27.517857142857142,0.449663254788134
41,8,9,1,1,4,4,8,27.517857142857142,0.449663254788134
41,9,9,1,1,4,4,8,27.517857142857142,0.449663254788134
41,10,9,1,8,6,3,8,27.395238095238096,0.4491771829501502
41,11,9,1,1,4,4,8,27.517857142857142,0.449663254788134
41,12,9,1,1,4,4,8,27.517857142857142,0.449663254788134
41,13,9,1,1,4,4,8,27.517857142857142,0.449663254788134
41,14,9,1,1,4,4,8,27.517857142857142,0.449663254788134
41,15,9,1,1,4,4,8,27.517857142857142,0.449663254788134
41,16,9,1,1,4,4,8,27.517857142857142,0.449663254788134
41,17,9,1,1,4,4,8,27.517857142857142,0.449663254788134
41,18,9,1,1,4,4,8,27.517857142857142,0.449663254788134
41,19,9,1,1,4,4,8,27.517857142857142,0.449663254788134
41,20,9,1,8,6,3,8,27.395238095238096,0.4491771829501502
41,21,9,1,1,4,4,8,27.517857142857142,0.449663254788134
41,22,9,1,1,4,4,8,27.517857142857142,0.449663254788134
41,23,9,1,8,6,3,8,27.395238095238096,0.4491771829501502
41,24,9,1,1,4,4,8,27.517857142857142,0.449663254788134
41,25,9,1,1,4,4,8,27.517857142857142,0.449663254788134
41,26,9,1,1,4,4,8,27.517857142857142,0.449663254788134
41,27,9,1,1,4,4,8,27.517857142857142,0.449663254788134
41,28,9,1,1,4,4,8,27.517857142857142,0.449663254788134
41,29,9,1,1,4,4,8,27.517857142857142,0.449663254788134
41,30,9,1,1,4,4,8,27.517857142857142,0.449663254788134
41,31,9,1,1,4,4,8,27.517857142857142,0.449663254788134
41,32,9,1,1,4,4,8,27.517857142857142,0.449663254788134
41,33,9,1,8,6,3,8,27.395238095238096,0.4491771829501502
41,34,9,1,1,4,4,8,27.517857142857142,0.449663254788134
41,35,9,1,1,4,4,8,27.517857142857142,0.449663254788134
41,36,9,1,1,4,4,8,27.517857142857142,0.449663254788134
41,37,9,1,1,4,4,8,27.517857142857142,0.449663254788134
41,38,9,1,1,4,4,8,27.517857142857142,0.449663254788134
41,39,9,1,1,4,4,8,27.517857142857142,0.449663254788134
41,40,9,1,1,4,4,8,27.517857142857142,0.449663254788134
41,41,9,1,1,4,4,8,27.517857142857142,0.449663254788134
41,42,9,1,1,4,4,8,27.517857142857142,0.449663254788134
41,43,9,1,1,4,4,8,27.517857142857142,0.449663254788134
41,44,9,1,1,4,4,8,27.517857142857142,0.449663254788134
41,45,9,1,1,4,4,8,27.517857142857142,0.449663254788134
41,46,9,1,1,4,4,8,27.517857142857142,0.449663254788134
41,47,9,1,1,4,4,8,27.517857142857142,0.449663254788134
41,48,9,1,8,6,3,8,27.395238095238096,0.4491771829501502
41,49,9,1,1,4,4,8,27.517857142857142,0.449663254788134
42,0,9,1,1,4,4,8,27.517857142857142,0.449663254788134
42,1,9,1,8,6,3,8,27.395238095238096,0.4491771829501502
42,2,9,1,8,6,3,8,27.395238095238096,0.4491771829501502
42,3,9,1,1,4,4,8,27.517857142857142,0.449663254788134
42,4,9,1,1,4,4,8,27.517857142857142,0.449663254788134
42,5,9,1,1,4,4,8,27.517857142857142,0.449663254788134
42,6,9,1,8,6,3,8,27.395238095238096,0.4491771829501502
42,7,9,1,1,4,4,8,27.517857142857142,0.449663254788134
42,8,9,1,1,4,4,8,27.517857142857142,0.449663254788134
42,9,9,1,1,4,4,8,27.517857142857142,0.449663254788134
42,10,9,1,1,4,4,8,27.517857142857142,0.449663254788134
42,11,9,1,1,4,4,8,27.517857142857142,0.449663254788134
42,12,9,1,1,4,4,8,27.517857142857142,0.449663254788134
42,13,9,1,1,4,4,8,27.517857142857142,0.449663254788134
42,14,9,1,1,4,4,8,27.517857142857142,0.449663254788134
42,15,9,1,1,4,4,8,27.517857142857142,0.449663254788134
42,16,9,1,1,4,4,8,27.517857142857142,0.449663254788134
42,17,9,1,1,4,4,8,27.517857142857142,0.449663254788134
42,18,9,1,1,4,4,8,27.517857142857142,0.449663254788134
42,19,9,1,1,4,4,8,27.517857142857142,0.449663254788134
42,20,9,1,8,6,3,8,27.395238095238096,0.4491771829501502
42,21,9,1,1,4,4,8,27.517857142857142,0.449663254788134
42,22,9,1,1,4,4,8,27.517857142857142,0.449663254788134
42,23,9,1,1,4,4,8,27.517857142857142,0.449663254788134
42,24,9,1,8,6,3,8,27.395238095238096,0.4491771829501502
42,25,9,1,1,4,4,8,27.517857142857142,0.449663254788134
42,26,9,1,1,4,4,8,27.517857142857142,0.449663254788134
42,27,9,1,1,4,4,8,27.517857142857142,0.449663254788134
42,28,9,1,1,4,4,8,27.517857142857142,0.449663254788134
42,29,9,1,1,4,4,8,27.517857142857142,0.449663254788134
42,30,9,1,1,4,4,8,27.517857142857142,0.449663254788134
42,31,9,1,1,4,4,8,27.517857142857142,0.449663254788134
42,32,9,1,1,4,4,8,27.517857142857142,0.449663254788134
42,33,9,1,1,4,4,8,27.517857142857142,0.449663254788134
42,34,9,1,1,4,4,8,27.517857142857142,0.449663254788134
42,35,9,1,1,4,4,8,27.517857142857142,0.449663254788134
42,36,9,1,8,6,3,8,27.395238095238096,0.4491771829501502
42,37,9,1,1,4,4,8,27.517857142857142,0.449663254788134
42,38,9,1,1,4,4,8,27.517857142857142,0.449663254788134
42,39,9,1,8,6,3,8,27.395238095238096,0.4491771829501502
42,40,9,1,1,4,4,8,27.517857142857142,0.449663254788134
42,41,9,1,1,4,4,8,27.517857142857142,0.449663254788134
42,42,9,1,8,6,3,8,27.395238095238096,0.4491771829501502
42,43,9,1,1,4,4,8,27.517857142857142,0.449663254788134
42,44,9,1,1,4,4,8,27.517857142857142,0.449663254788134
42,45,9,1,1,4,4,8,27.517857142857142,0.449663254788134
42,46,9,1,1,4,4,8,27.517857142857142,0.449663254788134
42,47,9,1,1,4,4,8,27.517857142857142,0.449663254788134
42,48,9,1,1,4,4,8,27.517857142857142,0.449663254788134
42,49,9,1,1,4,4,8,27.517857142857142,0.449663254788134
43,0,9,1,8,6,3,8,27.395238095238096,0.4491771829501502
43,1,9,1,1,4,4,8,27.517857142857142,0.449663254788134
43,2,9,1,1,4,4,8,27.517857142857142,0.449663254788134
43,3,9,1,8,6,3,8,27.395238095238096,0.4491771829501502
43,4,9,1,1,4,4,8,27.517857142857142,0.449663254788134
43,5,9,1,8,6,3,8,27.395238095238096,0.4491771829501502
43,6,9,1,1,4,4,8,27.517857142857142,0.449663254788134
43,7,9,1,1,4,4,8,27.517857142857142,0.449663254788134
43,8,9,1,1,4,4,8,27.517857142857142,0.449663254788134
43,9,9,1,1,4,4,8,27.517857142857142,0.449663254788134
43,10,9,1,1,4,4,8,27.517857142857142,0.449663254788134
43,11,9,1,1,4,4,8,27.517857142857142,0.449663254788134
43,12,9,1,1,4,4,8,27.517857142857142,0.449663254788134
43,13,9,1,1,4,4,8,27.517857142857142,0.449663254788134
43,14,9,1,1,4,4,8,27.517857142857142,0.449663254788134
43,15,9,1,8,6,3,8,27.395238095238096,0.4491771829501502
43,16,9,1,1,4,4,8,27.517857142857142,0.449663254788134
43,17,9,1,1,4,4,8,27.517857142857142,0.449663254788134
43,18,9,1,1,4,4,8,27.517857142857142,0.449663254788134
43,19,9,1,1,4,4,8,27.517857142857142,0.449663254788134
43,20,9,1,8,6,3,8,27.395238095238096,0.4491771829501502
43,21,9,1,1,4,4,8,27.517857142857142,0.449663254788134
43,22,9,1,1,4,4,8,27.517857142857142,0.449663254788134
43,23,9,1,1,4,4,8,27.517857142857142,0.449663254788134
43,24,9,1,1,4,4,8,27.517857142857142,0.449663254788134
43,25,9,1,1,4,4,8,27.517857142857142,0.449663254788134
43,26,9,1,1,4,4,8,27.517857142857142,0.449663254788134
43,27,9,1,1,4,4,8,27.517857142857142,0.449663254788134
43,28,9,1,1,4,4,8,27.517857142857142,0.449663254788134
43,29,9,1,1,4,4,8,27.517857142857142,0.449663254788134
43,30,9,1,1,4,4,8,27.517857142857142,0.449663254788134
43,31,9,1,1,4,4,8,27.517857142857142,0.449663254788134
43,32,9,1,1,4,4,8,27.517857142857142,0.449663254788134
43,33,9,1,1,4,4,8,27.517857142857142,0.449663254788134
43,34,9,1,1,4,4,8,27.517857142857142,0.449663254788134
43,35,9,1,1,4,4,8,27.517857142857142,0.449663254788134
43,36,9,1,8,6,3,8,27.395238095238096,0.4491771829501502
43,37,9,1,8,6,3,8,27.395238095238096,0.4491771829501502
43,38,9,1,1,4,4,8,27.517857142857142,0.449663254788134
43,39,9,1,1,4,4,8,27.517857142857142,0.449663254788134
43,40,9,1,1,4,4,8,27.517857142857142,0.449663254788134
43,41,9,1,1,4,4,8,27.517857142857142,0.449663254788134
43,42,9,1,1,4,4,8,27.517857142857142,0.449663254788134
43,43,9,1,1,4,4,8,27.517857142857142,0.449663254788134
43,44,9,1,1,4,4,8,27.517857142857142,0.449663254788134
43,45,9,1,1,4,4,8,27.517857142857142,0.449663254788134
43,46,9,1,1,4,4,8,27.517857142857142,0.449663254788134
43,47,9,1,1,4,4,8,27.517857142857142,0.449663254788134
43,48,9,1,1,4,4,8,27.517857142857142,0.449663254788134
43,49,9,1,1,4,4,8,27.517857142857142,0.449663254788134
44,0,9,1,1,4,4,8,27.517857142857142,0.449663254788134
44,1,9,1,8,6,3,8,27.395238095238096,0.4491771829501502
44,2,9,1,8,6,3,8,27.395238095238096,0.4491771829501502
44,3,9,1,1,4,4,8,27.517857142857142,0.449663254788134
44,4,9,1,1,4,4,8,27.517857142857142,0.449663254788134
44,5,9,1,1,4,4,8,27.517857142857142,0.449663254788134
44,6,9,1,1,4,4,8,27.517857142857142,0.449663254788134
44,7,9,1,1,4,4,8,27.517857142857142,0.449663254788134
44,8,9,1,1,4,4,8,27.517857142857142,0.449663254788134
44,9,9,1,8,6,3,8,27.395238095238096,0.4491771829501502
44,10,9,1,1,4,4,8,27.517857142857142,0.449663254788134
44,11,9,1,8,6,3,8,27.395238095238096,0.4491771829501502
44,12,9,1,1,4,4,8,27.517857142857142,0.449663254788134
44,13,9,1,1,4,4,8,27.517857142857142,0.449663254788134
44,14,9,1,8,6,3,8,27.395238095238096,0.4491771829501502
44,15,9,1,1,4,4,8,27.517857142857142,0.449663254788134
44,16,9,1,1,4,4,8,27.517857142857142,0.449663254788134
44,17,9,1,1,4,4,8,27.517857142857142,0.449663254788134
44,18,9,1,1,4,4,8,27.517857142857142,0.449663254788134
44,19,9,1,8,6,3,8,27.395238095238096,0.4491771829501502
44,20,9,1,8,6,3,8,27.395238095238096,0.4491771829501502
44,21,9,1,1,4,4,8,27.517857142857142,0.449663254788134
44,22,9,1,1,4,4,8,27.517857142857142,0.449663254788134
44,23,9,1,1,4,4,8,27.517857142857142,0.449663254788134
44,24,9,1,1,4,4,8,27.517857142857142,0.449663254788134
44,25,9,1,1,4,4,8,27.517857142857142,0.449663254788134
44,26,9,1,1,4,4,8,27.517857142857142,0.449663254788134
44,27,9,1,1,4,4,8,27.517857142857142,0.449663254788134
44,28,9,1,1,4,4,8,27.517857142857142,0.449663254788134
44,29,9,1,1,4,4,8,27.517857142857142,0.449663254788134
44,30,9,1,1,4,4,8,27.517857142857142,0.449663254788134
44,31,9,1,1,4,4,8,27.517857142857142,0.449663254788134
44,32,9,1,1,4,4,8,27.517857142857142,0.449663254788134
44,33,9,1,1,4,4,8,27.517857142857142,0.449663254788134
44,34,9,1,1,4,4,8,27.517857142857142,0.449663254788134
44,35,9,1,1,4,4,8,27.517857142857142,0.449663254788134
44,36,9,1,1,4,4,8,27.517857142857142,0.449663254788134
44,37,9,1,1,4,4,8,27.517857142857142,0.449663254788134
44,38,9,1,1,4,4,8,27.517857142857142,0.449663254788134
44,39,9,1,1,4,4,8,27.517857142857142,0.449663254788134
44,40,9,1,1,4,4,8,27.517857142857142,0.449663254788134
44,41,9,1,1,4,4,8,27.517857142857142,0.449663254788134
44,42,9,1,1,4,4,8,27.517857142857142,0.449663254788134
44,43,9,1,1,4,4,8,27.517857142857142,0.449663254788134
44,44,9,1,1,4,4,8,27.517857142857142,0.449663254788134
44,45,9,1,1,4,4,8,27.517857142857142,0.449663254788134
44,46,9,1,8,6,3,8,27.395238095238096,0.4491771829501502
44,47,9,1,1,4,4,8,27.517857142857142,0.449663254788134
44,48,9,1,1,4,4,8,27.517857142857142,0.449663254788134
44,49,9,1,1,4,4,8,27.517857142857142,0.449663254788134
45,0,9,1,8,6,3,8,27.395238095238096,0.4491771829501502
45,1,9,1,1,4,4,8,27.517857142857142,0.449663254788134
45,2,9,1,1,4,4,8,27.517857142857142,0.449663254788134
45,3,9,1,8,6,3,8,27.395238095238096,0.4491771829501502
45,4,9,1,8,6,3,8,27.395238095238096,0.4491771829501502
45,5,9,1,1,4,4,8,27.517857142857142,0.449663254788134
45,6,9,1,1,4,4,8,27.517857142857142,0.449663254788134
45,7,9,1,1,4,4,8,27.517857142857142,0.449663254788134
45,8,9,1,1,4,4,8,27.517857142857142,0.449663254788134
45,9,9,1,1,4,4,8,27.517857142857142,0.449663254788134
45,10,9,1,1,4,4,8,27.517857142857142,0.449663254788134
45,11,9,1,8,6,3,8,27.395238095238096,0.4491771829501502
45,12,9,1,1,4,4,8,27.517857142857142,0.449663254788134
45,13,9,1,1,4,4,8,27.517857142857142,0.449663254788134
45,14,9,1,1,4,4,8,27.517857142857142,0.449663254788134
45,15,9,1,1,4,4,8,27.517857142857142,0.449663254788134
45,16,9,1,1,4,4,8,27.517857142857142,0.449663254788134
45,17,9,1,8,6,3,8,27.395238095238096,0.4491771829501502
45,18,9,1,1,4,4,8,27.517857142857142,0.449663254788134
45,19,9,1,1,4,4,8,27.517857142857142,0.449663254788134
45,20,9,1,1,4,4,8,27.517857142857142,0.449663254788134
45,21,9,1,1,4,4,8,27.517857142857142,0.449663254788134
45,22,9,1,1,4,4,8,27.517857142857142,0.449663254788134
45,23,9,1,8,6,3,8,27.395238095238096,0.4491771829501502
45,24,9,1,1,4,4,8,27.517857142857142,0.449663254788134
45,25,9,1,1,4,4,8,27.517857142857142,0.449663254788134
45,26,9,1,1,4,4,8,27.517857142857142,0.449663254788134
45,27,9,1,1,4,4,8,27.517857142857142,0.449663254788134
45,28,9,1,1,4,4,8,27.517857142857142,0.449663254788134
45,29,9,1,1,4,4,8,27.517857142857142,0.449663254788134
45,30,9,1,1,4,4,8,27.517857142857142,0.449663254788134
45,31,9,1,1,4,4,8,27.517857142857142,0.449663254788134
45,32,9,1,8,6,3,8,27.395238095238096,0.4491771829501502
45,33,9,1,1,4,4,8,27.517857142857142,0.449663254788134
45,34,9,1,1,4,4,8,27.517857142857142,0.449663254788134
45,35,9,1,1,4,4,8,27.517857142857142,0.449663254788134
45,36,9,1,1,4,4,8,27.517857142857142,0.449663254788134
45,37,9,1,8,6,3,8,27.395238095238096,0.4491771829501502
45,38,9,1,1,4,4,8,27.517857142857142,0.449663254788134
45,39,9,1,1,4,4,8,27.517857142857142,0.449663254788134
45,40,9,1,1,4,4,8,27.517857142857142,0.449663254788134
45,41,9,1,1,4,4,8,27.517857142857142,0.449663254788134
45,42,9,1,1,4,4,8,27.517857142857142,0.449663254788134
45,43,9,1,1,4,4,8,27.517857142857142,0.449663254788134
45,44,9,1,1,4,4,8,27.517857142857142,0.449663254788134
45,45,9,1,1,4,4,8,27.517857142857142,0.449663254788134
45,46,9,1,1,4,4,8,27.517857142857142,0.449663254788134
45,47,9,1,1,4,4,8,27.517857142857142,0.449663254788134
45,48,9,1,1,4,4,8,27.517857142857142,0.449663254788134
45,49,9,1,8,6,3,8,27.395238095238096,0.4491771829501502
46,0,9,1,1,4,4,8,27.517857142857142,0.449663254788134
46,1,9,1,8,6,3,8,27.395238095238096,0.4491771829501502
46,2,9,1,8,6,3,8,27.395238095238096,0.4491771829501502
46,3,9,1,1,4,4,8,27.517857142857142,0.449663254788134
46,4,9,1,1,4,4,8,27.517857142857142,0.449663254788134
46,5,9,1,1,4,4,8,27.517857142857142,0.449663254788134
46,6,9,1,1,4,4,8,27.517857142857142,0.449663254788134
46,7,9,1,1,4,4,8,27.517857142857142,0.449663254788134
46,8,9,1,1,4,4,8,27.517857142857142,0.449663254788134
46,9,9,1,1,4,4,8,27.517857142857142,0.449663254788134
46,10,9,1,1,4,4,8,27.517857142857142,0.449663254788134
46,11,9,1,1,4,4,8,27.517857142857142,0.449663254788134
46,12,9,1,1,4,4,8,27.517857142857142,0.449663254788134
46,13,9,1,1,4,4,8,27.517857142857142,0.449663254788134
46,14,9,1,1,4,4,8,27.517857142857142,0.449663254788134
46,15,9,1,1,4,4,8,27.517857142857142,0.449663254788134
46,16,9,1,1,4,4,8,27.517857142857142,0.449663254788134
46,17,9,1,1,4,4,8,27.517857142857142,0.449663254788134
46,18,9,1,1,4,4,8,27.517857142857142,0.449663254788134
46,19,9,1,1,4,4,8,27.517857142857142,0.449663254788134
46,20,9,1,8,6,3,8,27.395238095238096,0.4491771829501502
46,21,9,1,1,4,4,8,27.517857142857142,0.449663254788134
46,22,9,1,1,4,4,8,27.517857142857142,0.449663254788134
46,23,9,1,8,6,3,8,27.395238095238096,0.4491771829501502
46,24,9,1,1,4,4,8,27.517857142857142,0.449663254788134
46,25,9,1,1,4,4,8,27.517857142857142,0.449663254788134
46,26,9,1,1,4,4,8,27.517857142857142,0.449663254788134
46,27,9,1,1,4,4,8,27.517857142857142,0.449663254788134
46,28,9,1,8,6,3,8,27.395238095238096,0.4491771829501502
46,29,9,1,1,4,4,8,27.517857142857142,0.449663254788134
46,30,9,1,1,4,4,8,27.517857142857142,0.449663254788134
46,31,9,1,1,4,4,8,27.517857142857142,0.449663254788134
46,32,9,1,1,4,4,8,27.517857142857142,0.449663254788134
46,33,9,1,1,4,4,8,27.517857142857142,0.449663254788134
46,34,9,1,1,4,4,8,27.517857142857142,0.449663254788134
46,35,9,1,1,4,4,8,27.517857142857142,0.449663254788134
46,36,9,1,1,4,4,8,27.517857142857142,0.449663254788134
46,37,9,1,8,6,3,8,27.395238095238096,0.4491771829501502
46,38,9,1,1,4,4,8,27.517857142857142,0.449663254788134
46,39,9,1,1,4,4,8,27.517857142857142,0.449663254788134
46,40,9,1,1,4,4,8,27.517857142857142,0.449663254788134
46,41,9,1,1,4,4,8,27.517857142857142,0.449663254788134
46,42,9,1,1,4,4,8,27.517857142857142,0.449663254788134
46,43,9,1,1,4,4,8,27.517857142857142,0.449663254788134
46,44,9,1,1,4,4,8,27.517857142857142,0.449663254788134
46,45,9,1,8,6,3,8,27.395238095238096,0.4491771829501502
46,46,9,1,1,4,4,8,27.517857142857142,0.449663254788134
46,47,9,1,1,4,4,8,27.517857142857142,0.449663254788134
46,48,9,1,1,4,4,8,27.517857142857142,0.449663254788134
46,49,9,1,1,4,4,8,27.517857142857142,0.449663254788134
47,0,9,1,8,6,3,8,27.395238095238096,0.4491771829501502
47,1,9,1,1,4,4,8,27.517857142857142,0.449663254788134
47,2,9,1,1,4,4,8,27.517857142857142,0.449663254788134
47,3,9,1,8,6,3,8,27.395238095238096,0.4491771829501502
47,4,9,1,8,6,3,8,27.395238095238096,0.4491771829501502
47,5,9,1,1,4,4,8,27.517857142857142,0.449663254788134
47,6,9,1,1,4,4,8,27.517857142857142,0.449663254788134
47,7,9,1,1,4,4,8,27.517857142857142,0.449663254788134
47,8,9,1,1,4,4,8,27.517857142857142,0.449663254788134
47,9,9,1,1,4,4,8,27.517857142857142,0.449663254788134
47,10,9,1,1,4,4,8,27.517857142857142,0.449663254788134
47,11,9,1,8,6,3,8,27.395238095238096,0.4491771829501502
47,12,9,1,1,4,4,8,27.517857142857142,0.449663254788134
47,13,9,1,1,4,4,8,27.517857142857142,0.449663254788134
47,14,9,1,1,4,4,8,27.517857142857142,0.449663254788134
47,15,9,1,1,4,4,8,27.517857142857142,0.449663254788134
47,16,9,1,1,4,4,8,27.517857142857142,0.449663254788134
47,17,9,1,1,4,4,8,27.517857142857142,0.449663254788134
47,18,9,1,8,6,3,8,27.395238095238096,0.4491771829501502
47,19,9,1,1,4,4,8,27.517857142857142,0.449663254788134
47,20,9,1,1,4,4,8,27.517857142857142,0.449663254788134
47,21,9,1,1,4,4,8,27.517857142857142,0.449663254788134
47,22,9,1,1,4,4,8,27.517857142857142,0.449663254788134
47,23,9,1,1,4,4,8,27.517857142857142,0.449663254788134
47,24,9,1,1,4,4,8,27.517857142857142,0.449663254788134
47,25,9,1,8,6,3,8,27.395238095238096,0.4491771829501502
47,26,9,1,1,4,4,8,27.517857142857142,0.449663254788134
47,27,9,1,1,4,4,8,27.517857142857142,0.449663254788134
47,28,9,1,1,4,4,8,27.517857142857142,0.449663254788134
47,29,9,1,1,4,4,8,27.517857142857142,0.449663254788134
47,30,9,1,1,4,4,8,27.517857142857142,0.449663254788134
47,31,9,1,1,4,4,8,27.517857142857142,0.449663254788134
47,32,9,1,1,4,4,8,27.517857142857142,0.449663254788134
47,33,9,1,1,4,4,8,27.517857142857142,0.449663254788134
47,34,9,1,1,4,4,8,27.517857142857142,0.449663254788134
47,35,9,1,1,4,4,8,27.517857142857142,0.449663254788134
47,36,9,1,1,4,4,8,27.517857142857142,0.449663254788134
47,37,9,1,1,4,4,8,27.517857142857142,0.449663254788134
47,38,9,1,8,6,3,8,27.395238095238096,0.4491771829501502
47,39,9,1,1,4,4,8,27.517857142857142,0.449663254788134
47,40,9,1,1,4,4,8,27.517857142857142,0.449663254788134
47,41,9,1,1,4,4,8,27.517857142857142,0.449663254788134
47,42,9,1,1,4,4,8,27.517857142857142,0.449663254788134
47,43,9,1,1,4,4,8,27.517857142857142,0.449663254788134
47,44,9,1,1,4,4,8,27.517857142857142,0.449663254788134
47,45,9,1,1,4,4,8,27.517857142857142,0.449663254788134
47,46,9,1,1,4,4,8,27.517857142857142,0.449663254788134
47,47,9,1,1,4,4,8,27.517857142857142,0.449663254788134
47,48,9,1,1,4,4,8,27.517857142857142,0.449663254788134
47,49,9,1,1,4,4,8,27.517857142857142,0.449663254788134
48,0,9,1,1,4,4,8,27.517857142857142,0.449663254788134
48,1,9,1,8,6,3,8,27.395238095238096,0.4491771829501502
48,2,9,1,8,6,3,8,27.395238095238096,0.4491771829501502
48,3,9,1,1,4,4,8,27.517857142857142,0.449663254788134
48,4,9,1,1,4,4,8,27.517857142857142,0.449663254788134
48,5,9,1,1,4,4,8,27.517857142857142,0.449663254788134
48,6,9,1,1,4,4,8,27.517857142857142,0.449663254788134
48,7,9,1,1,4,4,8,27.517857142857142,0.449663254788134
48,8,9,1,1,4,4,8,27.517857142857142,0.449663254788134
48,9,9,1,1,4,4,8,27.517857142857142,0.449663254788134
48,10,9,1,1,4,4,8,27.517857142857142,0.449663254788134
48,11,9,1,1,4,4,8,27.517857142857142,0.449663254788134
48,12,9,1,1,4,4,8,27.517857142857142,0.449663254788134
48,13,9,1,8,6,3,8,27.395238095238096,0.4491771829501502
48,14,9,1,1,4,4,8,27.517857142857142,0.449663254788134
48,15,9,1,1,4,4,8,27.517857142857142,0.449663254788134
48,16,9,1,1,4,4,8,27.517857142857142,0.449663254788134
48,17,9,1,1,4,4,8,27.517857142857142,0.449663254788134
48,18,9,1,1,4,4,8,27.517857142857142,0.449663254788134
48,19,9,1,1,4,4,8,27.517857142857142,0.449663254788134
48,20,9,1,1,4,4,8,27.517857142857142,0.449663254788134
48,21,9,1,1,4,4,8,27.517857142857142,0.449663254788134
48,22,9,1,1,4,4,8,27.517857142857142,0.449663254788134
48,23,9,1,1,4,4,8,27.517857142857142,0.449663254788134
48,24,9,1,1,4,4,8,27.517857142857142,0.449663254788134
48,25,9,1,8,6,3,8,27.395238095238096,0.4491771829501502
48,26,9,1,1,4,4,8,27.517857142857142,0.449663254788134
48,27,9,1,1,4,4,8,27.517857142857142,0.449663254788134
48,28,9,1,1,4,4,8,27.517857142857142,0.449663254788134
48,29,9,1,8,6,3,8,27.395238095238096,0.4491771829501502
48,30,9,1,1,4,4,8,27.517857142857142,0.449663254788134
48,31,9,1,1,4,4,8,27.517857142857142,0.449663254788134
48,32,9,1,1,4,4,8,27.517857142857142,0.449663254788134
48,33,9,1,1,4,4,8,27.517857142857142,0.449663254788134
48,34,9,1,1,4,4,8,27.517857142857142,0.449663254788134
48,35,9,1,1,4,4,8,27.517857142857142,0.449663254788134
48,36,9,1,8,6,3,8,27.395238095238096,0.4491771829501502
48,37,9,1,1,4,4,8,27.517857142857142,0.449663254788134
48,38,9,1,1,4,4,8,27.517857142857142,0.449663254788134
48,39,9,1,1,4,4,8,27.517857142857142,0.449663254788134
48,40,9,1,1,4,4,8,27.517857142857142,0.449663254788134
48,41,9,1,1,4,4,8,27.517857142857142,0.449663254788134
48,42,9,1,8,6,3,8,27.395238095238096,0.4491771829501502
48,43,9,1,1,4,4,8,27.517857142857142,0.449663254788134
48,44,9,1,1,4,4,8,27.517857142857142,0.449663254788134
48,45,9,1,1,4,4,8,27.517857142857142,0.449663254788134
48,46,9,1,1,4,4,8,27.517857142857142,0.449663254788134
48,47,9,1,1,4,4,8,27.517857142857142,0.449663254788134
48,48,9,1,1,4,4,8,27.517857142857142,0.449663254788134
48,49,9,1,1,4,4,8,27.517857142857142,0.449663254788134
49,0,9,1,1,4,4,8,27.517857142857142,0.449663254788134
49,1,9,1,8,6,3,8,27.395238095238096,0.4491771829501502
49,2,9,1,1,4,4,8,27.517857142857142,0.449663254788134
49,3,9,1,8,6,3,8,27.395238095238096,0.4491771829501502
49,4,9,1,8,6,3,8,27.395238095238096,0.4491771829501502
49,5,9,1,1,4,4,8,27.517857142857142,0.449663254788134
49,6,9,1,8,6,3,8,27.395238095238096,0.4491771829501502
49,7,9,1,1,4,4,8,27.517857142857142,0.449663254788134
49,8,9,1,1,4,4,8,27.517857142857142,0.449663254788134
49,9,9,1,1,4,4,8,27.517857142857142,0.449663254788134
49,10,9,1,1,4,4,8,27.517857142857142,0.449663254788134
49,11,9,1,1,4,4,8,27.517857142857142,0.449663254788134
49,12,9,1,1,4,4,8,27.517857142857142,0.449663254788134
49,13,9,1,1,4,4,8,27.517857142857142,0.449663254788134
49,14,9,1,8,6,3,8,27.395238095238096,0.4491771829501502
49,15,9,1,1,4,4,8,27.517857142857142,0.449663254788134
49,16,9,1,1,4,4,8,27.517857142857142,0.449663254788134
49,17,9,1,1,4,4,8,27.517857142857142,0.449663254788134
49,18,9,1,1,4,4,8,27.517857142857142,0.449663254788134
49,19,9,1,1,4,4,8,27.517857142857142,0.449663254788134
49,20,9,1,1,4,4,8,27.517857142857142,0.449663254788134
49,21,9,1,1,4,4,8,27.517857142857142,0.449663254788134
49,22,9,1,1,4,4,8,27.517857142857142,0.449663254788134
49,23,9,1,8,6,3,8,27.395238095238096,0.4491771829501502
49,24,9,1,1,4,4,8,27.517857142857142,0.449663254788134
49,25,9,1,1,4,4,8,27.517857142857142,0.449663254788134
49,26,9,1,1,4,4,8,27.517857142857142,0.449663254788134
49,27,9,1,1,4,4,8,27.517857142857142,0.449663254788134
49,28,9,1,1,4,4,8,27.517857142857142,0.449663254788134
49,29,9,1,1,4,4,8,27.517857142857142,0.449663254788134
49,30,9,1,1,4,4,8,27.517857142857142,0.449663254788134
49,31,9,1,1,4,4,8,27.517857142857142,0.449663254788134
49,32,9,1,1,4,4,8,27.517857142857142,0.449663254788134
49,33,9,1,1,4,4,8,27.517857142857142,0.449663254788134
49,34,9,1,1,4,4,8,27.517857142857142,0.449663254788134
49,35,9,1,1,4,4,8,27.517857142857142,0.449663254788134
49,36,9,1,8,6,3,8,27.395238095238096,0.4491771829501502
49,37,9,1,1,4,4,8,27.517857142857142,0.449663254788134
49,38,9,1,1,4,4,8,27.517857142857142,0.449663254788134
49,39,9,1,1,4,4,8,27.517857142857142,0.449663254788134
49,40,9,1,1,4,4,8,27.517857142857142,0.449663254788134
49,41,9,1,1,4,4,8,27.517857142857142,0.449663254788134
49,42,9,1,1,4,4,8,27.517857142857142,0.449663254788134
49,43,9,1,1,4,4,8,27.517857142857142,0.449663254788134
49,44,9,1,1,4,4,8,27.517857142857142,0.449663254788134
49,45,9,1,1,4,4,8,27.517857142857142,0.449663254788134
49,46,9,1,1,4,4,8,27.517857142857142,0.449663254788134
49,47,9,1,8,6,3,8,27.395238095238096,0.4491771829501502
49,48,9,1,1,4,4,8,27.517857142857142,0.449663254788134
49,49,9,1,8,6,3,8,27.395238095238096,0.4491771829501502
